gvkey,fqtr,fyearq,datadate,fdateq,atq,ltq,isin,sedol,conm,sector
16538,1,2017,31/03/2017,16/08/2017,179261,126035,HK0293001514,6179755,CATHAY PACIFIC AIRWAYS LTD,Industrials
16538,4,2017,31/12/2017,14/03/2018,188378,127106,HK0293001514,6179755,CATHAY PACIFIC AIRWAYS LTD,Industrials
16538,1,2018,31/03/2018,08/08/2018,185924,120689,HK0293001514,6179755,CATHAY PACIFIC AIRWAYS LTD,Industrials
16538,4,2018,31/12/2018,13/03/2019,190294,126355,HK0293001514,6179755,CATHAY PACIFIC AIRWAYS LTD,Industrials
16538,1,2019,31/03/2019,07/08/2019,206396,143827,HK0293001514,6179755,CATHAY PACIFIC AIRWAYS LTD,Industrials
16538,4,2019,31/12/2019,11/03/2020,214516,151740,HK0293001514,6179755,CATHAY PACIFIC AIRWAYS LTD,Industrials
16538,1,2020,31/03/2020,12/08/2020,194932,145557,HK0293001514,6179755,CATHAY PACIFIC AIRWAYS LTD,Industrials
16538,4,2020,31/12/2020,09/03/2021,204574,131313,HK0293001514,6179755,CATHAY PACIFIC AIRWAYS LTD,Industrials
16538,1,2021,31/03/2021,11/08/2021,205668,135781,HK0293001514,6179755,CATHAY PACIFIC AIRWAYS LTD,Industrials
16538,4,2021,31/12/2021,08/03/2022,196627,124378,HK0293001514,6179755,CATHAY PACIFIC AIRWAYS LTD,Industrials
16538,1,2022,31/03/2022,10/08/2022,187195,118753,HK0293001514,6179755,CATHAY PACIFIC AIRWAYS LTD,Industrials
16538,4,2022,31/12/2022,07/03/2023,180914,117030,HK0293001514,6179755,CATHAY PACIFIC AIRWAYS LTD,Industrials
16538,1,2023,31/03/2023,09/08/2023,181178,116682,HK0293001514,6179755,CATHAY PACIFIC AIRWAYS LTD,Industrials
103409,1,2017,31/03/2017,16/08/2017,5424.426,2892.503,HK0669013440,B0190C7,TECHTRONIC INDUSTRIES CO LTD,Industrials
103409,4,2017,31/12/2017,13/03/2018,5598.477,2857.759,HK0669013440,B0190C7,TECHTRONIC INDUSTRIES CO LTD,Industrials
103409,1,2018,31/03/2018,15/08/2018,5873.597,2966.872,HK0669013440,B0190C7,TECHTRONIC INDUSTRIES CO LTD,Industrials
103409,4,2018,31/12/2018,06/03/2019,6348.862,3291.521,HK0669013440,B0190C7,TECHTRONIC INDUSTRIES CO LTD,Industrials
103409,1,2019,31/03/2019,14/08/2019,7296.025,4115.465,HK0669013440,B0190C7,TECHTRONIC INDUSTRIES CO LTD,Industrials
103409,4,2019,31/12/2019,04/03/2020,7698.051,4303.74,HK0669013440,B0190C7,TECHTRONIC INDUSTRIES CO LTD,Industrials
103409,1,2020,31/03/2020,12/08/2020,8695.49,5108.388,HK0669013440,B0190C7,TECHTRONIC INDUSTRIES CO LTD,Industrials
103409,4,2020,31/12/2020,03/03/2021,9390.402,5487.495,HK0669013440,B0190C7,TECHTRONIC INDUSTRIES CO LTD,Industrials
103409,1,2021,31/03/2021,11/08/2021,12267.109,8001.533,HK0669013440,B0190C7,TECHTRONIC INDUSTRIES CO LTD,Industrials
103409,4,2021,31/12/2021,02/03/2022,13007.545,8285.027,HK0669013440,B0190C7,TECHTRONIC INDUSTRIES CO LTD,Industrials
103409,1,2022,31/03/2022,10/08/2022,13518.11,8469.025,HK0669013440,B0190C7,TECHTRONIC INDUSTRIES CO LTD,Industrials
103409,4,2022,31/12/2022,01/03/2023,13315.598,8110.117,HK0669013440,B0190C7,TECHTRONIC INDUSTRIES CO LTD,Industrials
103409,1,2023,31/03/2023,09/08/2023,13430.217,7736.474,HK0669013440,B0190C7,TECHTRONIC INDUSTRIES CO LTD,Industrials
105198,1,2017,31/03/2017,29/08/2017,7155425,6413396,HK0267001375,6196152,CITIC LTD,Industrials
105198,4,2017,31/12/2017,28/03/2018,7520739,6727098,HK0267001375,6196152,CITIC LTD,Industrials
105198,1,2018,31/03/2018,29/08/2018,7628950,6814272,HK0267001375,6196152,CITIC LTD,Industrials
105198,4,2018,31/12/2018,29/03/2019,7660713,6850053,HK0267001375,6196152,CITIC LTD,Industrials
105198,1,2019,31/03/2019,29/08/2019,8006388,7167580,HK0267001375,6196152,CITIC LTD,Industrials
105198,4,2019,31/12/2019,31/03/2020,8289924,7395433,HK0267001375,6196152,CITIC LTD,Industrials
105198,1,2020,31/03/2020,27/08/2020,8477252,7582696,HK0267001375,6196152,CITIC LTD,Industrials
105198,4,2020,31/12/2020,30/03/2021,9740828,8732186,HK0267001375,6196152,CITIC LTD,Industrials
105198,1,2021,31/03/2021,25/08/2021,10230358,9121462,HK0267001375,6196152,CITIC LTD,Industrials
105198,4,2021,31/12/2021,31/03/2022,10685521,9519931,HK0267001375,6196152,CITIC LTD,Industrials
105198,1,2022,31/03/2022,30/08/2022,12084138,10681513,HK0267001375,6196152,CITIC LTD,Industrials
105198,4,2022,31/12/2022,31/03/2023,11794199,10414131,HK0267001375,6196152,CITIC LTD,Industrials
105198,1,2023,31/03/2023,24/08/2023,10976305,9700131,HK0267001375,6196152,CITIC LTD,Industrials
200687,1,2017,31/03/2017,31/08/2017,8833.342,6302.388,HK0154000803,6435639,BEIJING ENTERPRISES ENVIRON,Industrials
200687,4,2017,31/12/2017,28/03/2018,9282.516,6480.423,HK0154000803,6435639,BEIJING ENTERPRISES ENVIRON,Industrials
200687,1,2018,31/03/2018,30/08/2018,9647.27,6674.448,HK0154000803,6435639,BEIJING ENTERPRISES ENVIRON,Industrials
200687,4,2018,31/12/2018,28/03/2019,9036.286,6081.007,HK0154000803,6435639,BEIJING ENTERPRISES ENVIRON,Industrials
200687,1,2019,31/03/2019,29/08/2019,8915.965,5843.351,HK0154000803,6435639,BEIJING ENTERPRISES ENVIRON,Industrials
200687,4,2019,31/12/2019,31/03/2020,8939.578,5828.613,HK0154000803,6435639,BEIJING ENTERPRISES ENVIRON,Industrials
200687,1,2020,31/03/2020,31/08/2020,8788.136,5652.621,HK0154000803,6435639,BEIJING ENTERPRISES ENVIRON,Industrials
200687,4,2020,31/12/2020,31/03/2021,9752.553,6160.988,HK0154000803,6435639,BEIJING ENTERPRISES ENVIRON,Industrials
200687,1,2021,31/03/2021,31/08/2021,10121.533,6285.545,HK0154000803,6435639,BEIJING ENTERPRISES ENVIRON,Industrials
200687,4,2021,31/12/2021,31/03/2022,10920.534,6925.255,HK0154000803,6435639,BEIJING ENTERPRISES ENVIRON,Industrials
200687,1,2022,31/03/2022,31/08/2022,11146.73,7196.887,HK0154000803,6435639,BEIJING ENTERPRISES ENVIRON,Industrials
200687,4,2022,31/12/2022,31/03/2023,12167.226,8057.43,HK0154000803,6435639,BEIJING ENTERPRISES ENVIRON,Industrials
200687,1,2023,31/03/2023,30/08/2023,11682.518,7573.571,HK0154000803,6435639,BEIJING ENTERPRISES ENVIRON,Industrials
200995,1,2017,31/03/2017,10/08/2017,2688.684,1498.931,HK0118000667,6226394,COSMOS MACHINERY ENTS LTD,Industrials
200995,4,2017,31/12/2017,08/03/2018,2770.659,1478.52,HK0118000667,6226394,COSMOS MACHINERY ENTS LTD,Industrials
200995,1,2018,31/03/2018,28/08/2018,2942.842,1511.489,HK0118000667,6226394,COSMOS MACHINERY ENTS LTD,Industrials
200995,4,2018,31/12/2018,28/03/2019,2731.693,1331.408,HK0118000667,6226394,COSMOS MACHINERY ENTS LTD,Industrials
200995,1,2019,31/03/2019,27/08/2019,2771.447,1378.537,HK0118000667,6226394,COSMOS MACHINERY ENTS LTD,Industrials
200995,4,2019,31/12/2019,30/03/2020,2603.889,1217.448,HK0118000667,6226394,COSMOS MACHINERY ENTS LTD,Industrials
200995,1,2020,31/03/2020,27/08/2020,2576.857,1221.761,HK0118000667,6226394,COSMOS MACHINERY ENTS LTD,Industrials
200995,4,2020,31/12/2020,30/03/2021,2834.678,1334.695,HK0118000667,6226394,COSMOS MACHINERY ENTS LTD,Industrials
200995,1,2021,31/03/2021,26/08/2021,3022.503,1467.522,HK0118000667,6226394,COSMOS MACHINERY ENTS LTD,Industrials
200995,4,2021,31/12/2021,30/03/2022,2967.885,1327.361,HK0118000667,6226394,COSMOS MACHINERY ENTS LTD,Industrials
200995,1,2022,31/03/2022,26/08/2022,2754.831,1174.75,HK0118000667,6226394,COSMOS MACHINERY ENTS LTD,Industrials
200995,4,2022,31/12/2022,30/03/2023,2625.45,1087.054,HK0118000667,6226394,COSMOS MACHINERY ENTS LTD,Industrials
200995,1,2023,31/03/2023,24/08/2023,2598.581,1099.862,HK0118000667,6226394,COSMOS MACHINERY ENTS LTD,Industrials
201218,1,2017,31/03/2017,15/08/2017,61964.49,36417.105,HK0257001336,6630940,CHINA EVERBRIGHT ENVIRONMENT,Industrials
201218,4,2017,31/12/2017,04/03/2018,73123.192,44479.654,HK0257001336,6630940,CHINA EVERBRIGHT ENVIRONMENT,Industrials
201218,1,2018,31/03/2018,07/08/2018,82066.784,50370.217,HK0257001336,6630940,CHINA EVERBRIGHT ENVIRONMENT,Industrials
201218,4,2018,31/12/2018,12/03/2019,95121.637,54426.298,HK0257001336,6630940,CHINA EVERBRIGHT ENVIRONMENT,Industrials
201218,1,2019,31/03/2019,14/08/2019,105313.513,62003.357,HK0257001336,6630940,CHINA EVERBRIGHT ENVIRONMENT,Industrials
201218,4,2019,31/12/2019,18/03/2020,119351.503,74624.924,HK0257001336,6630940,CHINA EVERBRIGHT ENVIRONMENT,Industrials
201218,1,2020,31/03/2020,13/08/2020,130696.187,84064.944,HK0257001336,6630940,CHINA EVERBRIGHT ENVIRONMENT,Industrials
201218,4,2020,31/12/2020,10/03/2021,158187.11,102642.506,HK0257001336,6630940,CHINA EVERBRIGHT ENVIRONMENT,Industrials
201218,1,2021,31/03/2021,12/08/2021,184513.441,123203.409,HK0257001336,6630940,CHINA EVERBRIGHT ENVIRONMENT,Industrials
201218,4,2021,31/12/2021,15/03/2022,200235.628,135893.406,HK0257001336,6630940,CHINA EVERBRIGHT ENVIRONMENT,Industrials
201218,1,2022,31/03/2022,17/08/2022,200011.797,133938.191,HK0257001336,6630940,CHINA EVERBRIGHT ENVIRONMENT,Industrials
201218,4,2022,31/12/2022,30/03/2023,190597.798,127998.905,HK0257001336,6630940,CHINA EVERBRIGHT ENVIRONMENT,Industrials
201218,1,2023,31/03/2023,29/08/2023,189423.15,123482.416,HK0257001336,6630940,CHINA EVERBRIGHT ENVIRONMENT,Industrials
201234,1,2017,31/03/2017,15/08/2017,4946.145,2136.448,HK0235034623,B14VKP0,CSC HOLDINGS LIMITED,Industrials
201234,4,2017,31/12/2017,15/02/2018,5240.895,2168.738,HK0235034623,B14VKP0,CSC HOLDINGS LIMITED,Industrials
201234,1,2018,31/03/2018,15/08/2018,5941.074,2558.918,HK0235034623,B14VKP0,CSC HOLDINGS LIMITED,Industrials
201234,4,2018,31/12/2018,15/02/2019,6062.383,2416.401,HK0235034623,B14VKP0,CSC HOLDINGS LIMITED,Industrials
201234,1,2019,31/03/2019,15/08/2019,5903.946,2349.162,HK0235034623,B14VKP0,CSC HOLDINGS LIMITED,Industrials
201234,4,2019,31/12/2019,15/02/2020,5195.291,1825.502,HK0235034623,B14VKP0,CSC HOLDINGS LIMITED,Industrials
201234,1,2020,31/03/2020,15/08/2020,5235.46,1863.31,HK0235034623,B14VKP0,CSC HOLDINGS LIMITED,Industrials
201234,4,2020,31/12/2020,15/02/2021,8481.698,2542.65,HK0235034623,B14VKP0,CSC HOLDINGS LIMITED,Industrials
201234,1,2021,31/03/2021,15/08/2021,8222.056,2494.658,HK0235034623,B14VKP0,CSC HOLDINGS LIMITED,Industrials
201234,4,2021,31/12/2021,15/02/2022,3159.962,745.882,HK0235034623,B14VKP0,CSC HOLDINGS LIMITED,Industrials
201234,1,2022,31/03/2022,27/09/2022,2330.956,42.061,HK0235034623,B14VKP0,CSC HOLDINGS LIMITED,Industrials
201234,4,2022,31/12/2022,27/04/2023,2240.063,48.926,HK0235034623,B14VKP0,CSC HOLDINGS LIMITED,Industrials
201234,1,2023,31/03/2023,30/08/2023,2238.368,61.99,HK0235034623,B14VKP0,CSC HOLDINGS LIMITED,Industrials
202781,1,2017,31/03/2017,30/08/2017,3206.426,1294.408,HK0137031065,B095BB3,JINHUI HLDGS CO LTD,Industrials
202781,4,2017,31/12/2017,16/03/2018,3291.748,1253.89,HK0137031065,B095BB3,JINHUI HLDGS CO LTD,Industrials
202781,1,2018,31/03/2018,30/08/2018,3042.061,966.59,HK0137031065,B095BB3,JINHUI HLDGS CO LTD,Industrials
202781,4,2018,31/12/2018,22/03/2019,3094.278,987.658,HK0137031065,B095BB3,JINHUI HLDGS CO LTD,Industrials
202781,1,2019,31/03/2019,30/08/2019,3317.047,1222.252,HK0137031065,B095BB3,JINHUI HLDGS CO LTD,Industrials
202781,4,2019,31/12/2019,17/03/2020,3444.488,1342.084,HK0137031065,B095BB3,JINHUI HLDGS CO LTD,Industrials
202781,1,2020,31/03/2020,26/08/2020,3145.453,1238.034,HK0137031065,B095BB3,JINHUI HLDGS CO LTD,Industrials
202781,4,2020,31/12/2020,15/03/2021,3109.526,1131.842,HK0137031065,B095BB3,JINHUI HLDGS CO LTD,Industrials
202781,1,2021,31/03/2021,18/08/2021,3788.849,1089.086,HK0137031065,B095BB3,JINHUI HLDGS CO LTD,Industrials
202781,4,2021,31/12/2021,15/03/2022,4522.211,1040.718,HK0137031065,B095BB3,JINHUI HLDGS CO LTD,Industrials
202781,1,2022,31/03/2022,25/08/2022,4967.867,1279.406,HK0137031065,B095BB3,JINHUI HLDGS CO LTD,Industrials
202781,4,2022,31/12/2022,17/03/2023,4435.349,1116.225,HK0137031065,B095BB3,JINHUI HLDGS CO LTD,Industrials
202781,1,2023,31/03/2023,29/08/2023,4144.586,1014.822,HK0137031065,B095BB3,JINHUI HLDGS CO LTD,Industrials
203143,1,2017,31/03/2017,18/08/2017,1386.788,766.128,HK0000643319,BMW14L3,CCIAM FUTURE ENERGY LIMITED,Industrials
203143,4,2017,31/12/2017,28/03/2018,1329.455,827.636,HK0000643319,BMW14L3,CCIAM FUTURE ENERGY LIMITED,Industrials
203143,1,2018,31/03/2018,23/08/2018,1297.022,876.399,HK0000643319,BMW14L3,CCIAM FUTURE ENERGY LIMITED,Industrials
203143,4,2018,31/12/2018,29/03/2019,281.24,1162.231,HK0000643319,BMW14L3,CCIAM FUTURE ENERGY LIMITED,Industrials
203143,1,2019,31/03/2019,27/08/2019,271.583,1180.008,HK0000643319,BMW14L3,CCIAM FUTURE ENERGY LIMITED,Industrials
203143,4,2019,31/12/2019,27/03/2020,190.757,47.749,HK0000643319,BMW14L3,CCIAM FUTURE ENERGY LIMITED,Industrials
203143,1,2020,31/03/2020,27/08/2020,165.712,44.113,HK0000643319,BMW14L3,CCIAM FUTURE ENERGY LIMITED,Industrials
203143,4,2020,31/12/2020,26/03/2021,157.776,45.062,HK0000643319,BMW14L3,CCIAM FUTURE ENERGY LIMITED,Industrials
203143,1,2021,31/03/2021,26/08/2021,123.172,44.266,HK0000643319,BMW14L3,CCIAM FUTURE ENERGY LIMITED,Industrials
203143,4,2021,31/12/2021,25/03/2022,82.311,34.101,HK0000643319,BMW14L3,CCIAM FUTURE ENERGY LIMITED,Industrials
203143,1,2022,31/03/2022,22/08/2022,71.538,33.244,HK0000643319,BMW14L3,CCIAM FUTURE ENERGY LIMITED,Industrials
203143,4,2022,31/12/2022,28/03/2023,60.171,40.726,HK0000643319,BMW14L3,CCIAM FUTURE ENERGY LIMITED,Industrials
203143,1,2023,31/03/2023,24/08/2023,52.699,11.115,HK0000643319,BMW14L3,CCIAM FUTURE ENERGY LIMITED,Industrials
203278,1,2017,31/03/2017,18/08/2017,1715.385,1854,HK0000527306,BJXL4G6,ASIA ENERGY LOGISTICS GROUP,Industrials
203278,4,2017,31/12/2017,25/03/2018,1768.174,1960.196,HK0000527306,BJXL4G6,ASIA ENERGY LOGISTICS GROUP,Industrials
203278,1,2018,31/03/2018,17/08/2018,1933.093,2033.34,HK0000527306,BJXL4G6,ASIA ENERGY LOGISTICS GROUP,Industrials
203278,4,2018,31/12/2018,29/03/2019,1869.156,2056.55,HK0000527306,BJXL4G6,ASIA ENERGY LOGISTICS GROUP,Industrials
203278,1,2019,31/03/2019,23/08/2019,1840.17,2075.201,HK0000527306,BJXL4G6,ASIA ENERGY LOGISTICS GROUP,Industrials
203278,4,2019,31/12/2019,28/02/2020,236.452,297.418,HK0000527306,BJXL4G6,ASIA ENERGY LOGISTICS GROUP,Industrials
203278,1,2020,31/03/2020,07/08/2020,215.735,316.688,HK0000527306,BJXL4G6,ASIA ENERGY LOGISTICS GROUP,Industrials
203278,4,2020,31/12/2020,25/03/2021,280.217,34.113,HK0000527306,BJXL4G6,ASIA ENERGY LOGISTICS GROUP,Industrials
203278,1,2021,31/03/2021,20/08/2021,277.258,46.071,HK0000527306,BJXL4G6,ASIA ENERGY LOGISTICS GROUP,Industrials
203278,4,2021,31/12/2021,18/03/2022,254.683,56.294,HK0000527306,BJXL4G6,ASIA ENERGY LOGISTICS GROUP,Industrials
203278,1,2022,31/03/2022,19/08/2022,229.058,64.712,HK0000527306,BJXL4G6,ASIA ENERGY LOGISTICS GROUP,Industrials
203278,4,2022,31/12/2022,17/03/2023,207.696,70.123,HK0000527306,BJXL4G6,ASIA ENERGY LOGISTICS GROUP,Industrials
203278,1,2023,31/03/2023,04/08/2023,208.417,26.717,HK0000527306,BJXL4G6,ASIA ENERGY LOGISTICS GROUP,Industrials
203380,1,2017,31/03/2017,24/08/2017,4363.55,1287.786,HK0560006634,6195319,CHU KONG SHIPPING DEV CO LTD,Industrials
203380,4,2017,31/12/2017,28/03/2018,4464.758,1161.471,HK0560006634,6195319,CHU KONG SHIPPING DEV CO LTD,Industrials
203380,1,2018,31/03/2018,23/08/2018,4531.049,1148.795,HK0560006634,6195319,CHU KONG SHIPPING DEV CO LTD,Industrials
203380,4,2018,31/12/2018,27/03/2019,4331.547,965.085,HK0560006634,6195319,CHU KONG SHIPPING DEV CO LTD,Industrials
203380,1,2019,31/03/2019,27/08/2019,4598.717,1193.416,HK0560006634,6195319,CHU KONG SHIPPING DEV CO LTD,Industrials
203380,4,2019,31/12/2019,26/03/2020,4373.93,926.843,HK0560006634,6195319,CHU KONG SHIPPING DEV CO LTD,Industrials
203380,1,2020,31/03/2020,26/08/2020,4589.916,1145.499,HK0560006634,6195319,CHU KONG SHIPPING DEV CO LTD,Industrials
203380,4,2020,31/12/2020,25/03/2021,4573.714,942.193,HK0560006634,6195319,CHU KONG SHIPPING DEV CO LTD,Industrials
203380,1,2021,31/03/2021,26/08/2021,4667.812,1022.893,HK0560006634,6195319,CHU KONG SHIPPING DEV CO LTD,Industrials
203380,4,2021,31/12/2021,22/03/2022,4697.866,1146.672,HK0560006634,6195319,CHU KONG SHIPPING DEV CO LTD,Industrials
203380,1,2022,31/03/2022,25/08/2022,4748.931,1242.474,HK0560006634,6195319,CHU KONG SHIPPING DEV CO LTD,Industrials
203380,4,2022,31/12/2022,24/03/2023,4569.78,1074.473,HK0560006634,6195319,CHU KONG SHIPPING DEV CO LTD,Industrials
203380,1,2023,31/03/2023,23/08/2023,4574.559,1167.002,HK0560006634,6195319,CHU KONG SHIPPING DEV CO LTD,Industrials
205336,1,2017,31/03/2017,10/08/2017,3472.668,605.173,HK0217012357,6097062,CHINA CHENGTONG DEVELOPMENT,Industrials
205336,4,2017,31/12/2017,02/03/2018,3574.801,588.354,HK0217012357,6097062,CHINA CHENGTONG DEVELOPMENT,Industrials
205336,1,2018,31/03/2018,24/08/2018,3608.629,609.937,HK0217012357,6097062,CHINA CHENGTONG DEVELOPMENT,Industrials
205336,4,2018,31/12/2018,25/02/2019,3590.303,693.159,HK0217012357,6097062,CHINA CHENGTONG DEVELOPMENT,Industrials
205336,1,2019,31/03/2019,23/08/2019,3557.938,572.878,HK0217012357,6097062,CHINA CHENGTONG DEVELOPMENT,Industrials
205336,4,2019,31/12/2019,25/02/2020,3600.661,686.445,HK0217012357,6097062,CHINA CHENGTONG DEVELOPMENT,Industrials
205336,1,2020,31/03/2020,25/08/2020,3586.492,798.486,HK0217012357,6097062,CHINA CHENGTONG DEVELOPMENT,Industrials
205336,4,2020,31/12/2020,28/02/2021,3906.747,921.478,HK0217012357,6097062,CHINA CHENGTONG DEVELOPMENT,Industrials
205336,1,2021,31/03/2021,20/08/2021,5802.705,2797.616,HK0217012357,6097062,CHINA CHENGTONG DEVELOPMENT,Industrials
205336,4,2021,31/12/2021,04/03/2022,8167.806,5026.104,HK0217012357,6097062,CHINA CHENGTONG DEVELOPMENT,Industrials
205336,1,2022,31/03/2022,26/08/2022,8146.804,5155.139,HK0217012357,6097062,CHINA CHENGTONG DEVELOPMENT,Industrials
205336,4,2022,31/12/2022,08/03/2023,10009.735,7074.485,HK0217012357,6097062,CHINA CHENGTONG DEVELOPMENT,Industrials
205336,1,2023,31/03/2023,28/08/2023,10862.876,8081.645,HK0217012357,6097062,CHINA CHENGTONG DEVELOPMENT,Industrials
205613,1,2017,31/03/2017,29/08/2017,158888.135,93199.044,HK0363006039,6810010,SHANGHAI INDUSTRIAL HLDGS,Industrials
205613,4,2017,31/12/2017,28/03/2018,171329.815,100376.583,HK0363006039,6810010,SHANGHAI INDUSTRIAL HLDGS,Industrials
205613,1,2018,31/03/2018,29/08/2018,171205.134,99283.398,HK0363006039,6810010,SHANGHAI INDUSTRIAL HLDGS,Industrials
205613,4,2018,31/12/2018,28/03/2019,167419.445,97916.477,HK0363006039,6810010,SHANGHAI INDUSTRIAL HLDGS,Industrials
205613,1,2019,31/03/2019,29/08/2019,172212.406,100640.827,HK0363006039,6810010,SHANGHAI INDUSTRIAL HLDGS,Industrials
205613,4,2019,31/12/2019,31/03/2020,174942.29,102137.73,HK0363006039,6810010,SHANGHAI INDUSTRIAL HLDGS,Industrials
205613,1,2020,31/03/2020,28/08/2020,170464.589,97484.354,HK0363006039,6810010,SHANGHAI INDUSTRIAL HLDGS,Industrials
205613,4,2020,31/12/2020,30/03/2021,194882.37,112814.987,HK0363006039,6810010,SHANGHAI INDUSTRIAL HLDGS,Industrials
205613,1,2021,31/03/2021,31/08/2021,210759.478,125683.127,HK0363006039,6810010,SHANGHAI INDUSTRIAL HLDGS,Industrials
205613,4,2021,31/12/2021,30/03/2022,207710.535,126352.834,HK0363006039,6810010,SHANGHAI INDUSTRIAL HLDGS,Industrials
205613,1,2022,31/03/2022,30/08/2022,195263.463,116886.265,HK0363006039,6810010,SHANGHAI INDUSTRIAL HLDGS,Industrials
205613,4,2022,31/12/2022,30/03/2023,193933.752,117139.841,HK0363006039,6810010,SHANGHAI INDUSTRIAL HLDGS,Industrials
205613,1,2023,31/03/2023,30/08/2023,178339.13,104159.502,HK0363006039,6810010,SHANGHAI INDUSTRIAL HLDGS,Industrials
208798,1,2017,31/03/2017,14/11/2017,6205.669,2315.197,HK0521001989,6773210,CWT INTERNATIONAL LTD,Industrials
208798,4,2017,31/12/2017,29/03/2018,31181.703,25210.37,HK0521001989,6773210,CWT INTERNATIONAL LTD,Industrials
208798,1,2018,31/03/2018,22/08/2018,30478.804,25070.13,HK0521001989,6773210,CWT INTERNATIONAL LTD,Industrials
208798,4,2018,31/12/2018,27/03/2019,25811.56,20496.609,HK0521001989,6773210,CWT INTERNATIONAL LTD,Industrials
208798,1,2019,31/03/2019,29/09/2019,26544.404,21572.787,HK0521001989,6773210,CWT INTERNATIONAL LTD,Industrials
208798,4,2019,31/12/2019,30/03/2020,24020.577,19399.586,HK0521001989,6773210,CWT INTERNATIONAL LTD,Industrials
208798,1,2020,31/03/2020,31/08/2020,21872.72,17667.261,HK0521001989,6773210,CWT INTERNATIONAL LTD,Industrials
208798,4,2020,31/12/2020,31/03/2021,24915.974,20417.616,HK0521001989,6773210,CWT INTERNATIONAL LTD,Industrials
208798,1,2021,31/03/2021,27/08/2021,25617.778,21006.176,HK0521001989,6773210,CWT INTERNATIONAL LTD,Industrials
208798,4,2021,31/12/2021,28/03/2022,24934.882,20211.573,HK0521001989,6773210,CWT INTERNATIONAL LTD,Industrials
208798,1,2022,31/03/2022,29/08/2022,26415.883,21617.516,HK0521001989,6773210,CWT INTERNATIONAL LTD,Industrials
221708,1,2017,31/03/2017,28/08/2017,1318.833,722.83,HK0716002271,6807658,SINGAMAS CONTAINER HLDGS LTD,Industrials
221708,4,2017,31/12/2017,28/03/2018,1634.455,1013.862,HK0716002271,6807658,SINGAMAS CONTAINER HLDGS LTD,Industrials
221708,1,2018,31/03/2018,21/08/2018,1761.635,1147.698,HK0716002271,6807658,SINGAMAS CONTAINER HLDGS LTD,Industrials
221708,4,2018,31/12/2018,26/03/2019,1399.983,704.204,HK0716002271,6807658,SINGAMAS CONTAINER HLDGS LTD,Industrials
221708,1,2019,31/03/2019,21/08/2019,1468.534,840.705,HK0716002271,6807658,SINGAMAS CONTAINER HLDGS LTD,Industrials
221708,4,2019,31/12/2019,26/03/2020,673.412,110.705,HK0716002271,6807658,SINGAMAS CONTAINER HLDGS LTD,Industrials
221708,1,2020,31/03/2020,27/08/2020,640.753,129.69,HK0716002271,6807658,SINGAMAS CONTAINER HLDGS LTD,Industrials
221708,4,2020,31/12/2020,26/03/2021,657.349,123.663,HK0716002271,6807658,SINGAMAS CONTAINER HLDGS LTD,Industrials
221708,1,2021,31/03/2021,26/08/2021,866.497,255.664,HK0716002271,6807658,SINGAMAS CONTAINER HLDGS LTD,Industrials
221708,4,2021,31/12/2021,29/03/2022,994.002,260.757,HK0716002271,6807658,SINGAMAS CONTAINER HLDGS LTD,Industrials
221708,1,2022,31/03/2022,24/08/2022,904.533,244.983,HK0716002271,6807658,SINGAMAS CONTAINER HLDGS LTD,Industrials
221708,4,2022,31/12/2022,15/03/2023,812.253,153.376,HK0716002271,6807658,SINGAMAS CONTAINER HLDGS LTD,Industrials
221708,1,2023,31/03/2023,17/08/2023,793.533,133.527,HK0716002271,6807658,SINGAMAS CONTAINER HLDGS LTD,Industrials
243011,1,2017,31/03/2017,10/08/2017,262491,109796,HK0066009694,6290054,MTR CORP LTD,Industrials
243011,4,2017,31/12/2017,08/03/2018,263768,97342,HK0066009694,6290054,MTR CORP LTD,Industrials
243011,1,2018,31/03/2018,09/08/2018,262814,94396,HK0066009694,6290054,MTR CORP LTD,Industrials
243011,4,2018,31/12/2018,07/03/2019,274687,94068,HK0066009694,6290054,MTR CORP LTD,Industrials
243011,1,2019,31/03/2019,08/08/2019,282716,102192,HK0066009694,6290054,MTR CORP LTD,Industrials
243011,4,2019,31/12/2019,05/03/2020,289214,102416,HK0066009694,6290054,MTR CORP LTD,Industrials
243011,1,2020,31/03/2020,06/08/2020,287615,107594,HK0066009694,6290054,MTR CORP LTD,Industrials
243011,4,2020,31/12/2020,11/03/2021,290574,113593,HK0066009694,6290054,MTR CORP LTD,Industrials
243011,1,2021,31/03/2021,12/08/2021,295563,121891,HK0066009694,6290054,MTR CORP LTD,Industrials
243011,4,2021,31/12/2021,10/03/2022,292082,112045,HK0066009694,6290054,MTR CORP LTD,Industrials
243011,1,2022,31/03/2022,11/08/2022,292294,114366,HK0066009694,6290054,MTR CORP LTD,Industrials
243011,4,2022,31/12/2022,09/03/2023,327081,147169,HK0066009694,6290054,MTR CORP LTD,Industrials
243011,1,2023,31/03/2023,10/08/2023,341726,164065,HK0066009694,6290054,MTR CORP LTD,Industrials
274587,1,2017,31/03/2017,22/08/2017,540.849,202.733,HK0536032532,B0MSY10,TRADELINK ELECTR COMMERCE LTD,Industrials
274587,4,2017,31/12/2017,23/03/2018,561.924,207.514,HK0536032532,B0MSY10,TRADELINK ELECTR COMMERCE LTD,Industrials
274587,1,2018,31/03/2018,27/08/2018,535.768,204.882,HK0536032532,B0MSY10,TRADELINK ELECTR COMMERCE LTD,Industrials
274587,4,2018,31/12/2018,26/03/2019,552.602,201.845,HK0536032532,B0MSY10,TRADELINK ELECTR COMMERCE LTD,Industrials
274587,1,2019,31/03/2019,27/08/2019,554.221,205.169,HK0536032532,B0MSY10,TRADELINK ELECTR COMMERCE LTD,Industrials
274587,4,2019,31/12/2019,24/03/2020,592.293,221.366,HK0536032532,B0MSY10,TRADELINK ELECTR COMMERCE LTD,Industrials
274587,1,2020,31/03/2020,25/08/2020,551.697,212.073,HK0536032532,B0MSY10,TRADELINK ELECTR COMMERCE LTD,Industrials
274587,4,2020,31/12/2020,23/03/2021,586.245,201.918,HK0536032532,B0MSY10,TRADELINK ELECTR COMMERCE LTD,Industrials
274587,1,2021,31/03/2021,24/08/2021,542.91,184.284,HK0536032532,B0MSY10,TRADELINK ELECTR COMMERCE LTD,Industrials
274587,4,2021,31/12/2021,22/03/2022,564.53,185.9,HK0536032532,B0MSY10,TRADELINK ELECTR COMMERCE LTD,Industrials
274587,1,2022,31/03/2022,23/08/2022,524.589,183.719,HK0536032532,B0MSY10,TRADELINK ELECTR COMMERCE LTD,Industrials
274587,4,2022,31/12/2022,20/03/2023,532.561,168.148,HK0536032532,B0MSY10,TRADELINK ELECTR COMMERCE LTD,Industrials
274587,1,2023,31/03/2023,22/08/2023,510.613,165.985,HK0536032532,B0MSY10,TRADELINK ELECTR COMMERCE LTD,Industrials
277006,1,2017,31/03/2017,30/08/2017,501087.442,368034.142,HK0656038673,B1Z7FX0,FOSUN INTERNATIONAL LTD,Industrials
277006,4,2017,31/12/2017,27/03/2018,533788.054,397375.773,HK0656038673,B1Z7FX0,FOSUN INTERNATIONAL LTD,Industrials
277006,1,2018,31/03/2018,28/08/2018,564292.114,427109.425,HK0656038673,B1Z7FX0,FOSUN INTERNATIONAL LTD,Industrials
277006,4,2018,31/12/2018,26/03/2019,638883.838,478442.815,HK0656038673,B1Z7FX0,FOSUN INTERNATIONAL LTD,Industrials
277006,1,2019,31/03/2019,27/08/2019,681510.106,511689.007,HK0656038673,B1Z7FX0,FOSUN INTERNATIONAL LTD,Industrials
277006,4,2019,31/12/2019,31/03/2020,715681.196,534756.98,HK0656038673,B1Z7FX0,FOSUN INTERNATIONAL LTD,Industrials
277006,1,2020,31/03/2020,27/08/2020,744985.612,568531.059,HK0656038673,B1Z7FX0,FOSUN INTERNATIONAL LTD,Industrials
277006,4,2020,31/12/2020,30/03/2021,767680.601,574593.974,HK0656038673,B1Z7FX0,FOSUN INTERNATIONAL LTD,Industrials
277006,1,2021,31/03/2021,24/08/2021,778856.141,585877.068,HK0656038673,B1Z7FX0,FOSUN INTERNATIONAL LTD,Industrials
277006,4,2021,31/12/2021,23/03/2022,806372.141,603158.243,HK0656038673,B1Z7FX0,FOSUN INTERNATIONAL LTD,Industrials
277006,1,2022,31/03/2022,30/08/2022,849685.331,651156.587,HK0656038673,B1Z7FX0,FOSUN INTERNATIONAL LTD,Industrials
277006,4,2022,31/12/2022,29/03/2023,823146.064,623516.249,HK0656038673,B1Z7FX0,FOSUN INTERNATIONAL LTD,Industrials
277006,1,2023,31/03/2023,30/08/2023,834874.896,629508.992,HK0656038673,B1Z7FX0,FOSUN INTERNATIONAL LTD,Industrials
287427,1,2017,31/03/2017,30/08/2017,58255.156,34597.168,HK3808041546,B296ZH4,SINOTRUK (HONG KONG) LTD,Industrials
287427,4,2017,31/12/2017,23/03/2018,61183.016,35752.305,HK3808041546,B296ZH4,SINOTRUK (HONG KONG) LTD,Industrials
287427,1,2018,31/03/2018,30/08/2018,67061.03,40889.287,HK3808041546,B296ZH4,SINOTRUK (HONG KONG) LTD,Industrials
287427,4,2018,31/12/2018,27/03/2019,61680.411,33352.559,HK3808041546,B296ZH4,SINOTRUK (HONG KONG) LTD,Industrials
287427,1,2019,31/03/2019,30/08/2019,66283.676,36897.164,HK3808041546,B296ZH4,SINOTRUK (HONG KONG) LTD,Industrials
287427,4,2019,31/12/2019,31/03/2020,65950.512,35522.641,HK3808041546,B296ZH4,SINOTRUK (HONG KONG) LTD,Industrials
287427,1,2020,31/03/2020,28/08/2020,89845.493,58381.631,HK3808041546,B296ZH4,SINOTRUK (HONG KONG) LTD,Industrials
287427,4,2020,31/12/2020,31/03/2021,111008.261,75328.854,HK3808041546,B296ZH4,SINOTRUK (HONG KONG) LTD,Industrials
287427,1,2021,31/03/2021,27/08/2021,124376.493,81849.009,HK3808041546,B296ZH4,SINOTRUK (HONG KONG) LTD,Industrials
287427,4,2021,31/12/2021,31/03/2022,107019.934,64251.847,HK3808041546,B296ZH4,SINOTRUK (HONG KONG) LTD,Industrials
287427,1,2022,31/03/2022,31/08/2022,101339.498,58796.699,HK3808041546,B296ZH4,SINOTRUK (HONG KONG) LTD,Industrials
287427,4,2022,31/12/2022,30/03/2023,105478.517,62509.94,HK3808041546,B296ZH4,SINOTRUK (HONG KONG) LTD,Industrials
287427,1,2023,31/03/2023,30/08/2023,112303.85,67587.756,HK3808041546,B296ZH4,SINOTRUK (HONG KONG) LTD,Industrials
103377,1,2018,30/06/2018,25/07/2019,7210.155,5079.6,HK0040000298,6375735,GOLD PEAK TECHNOLOGY GROUP L,Information Technology
103377,4,2018,31/03/2019,13/12/2019,7311.248,5080.993,HK0040000298,6375735,GOLD PEAK TECHNOLOGY GROUP L,Information Technology
103377,1,2019,30/06/2019,30/07/2020,7315.548,5059.011,HK0040000298,6375735,GOLD PEAK TECHNOLOGY GROUP L,Information Technology
103377,4,2019,31/03/2020,15/12/2020,7246.95,5131.205,HK0040000298,6375735,GOLD PEAK TECHNOLOGY GROUP L,Information Technology
103377,1,2020,30/06/2020,29/07/2021,7624.929,5353.171,HK0040000298,6375735,GOLD PEAK TECHNOLOGY GROUP L,Information Technology
103377,4,2020,31/03/2021,14/12/2021,9054.826,6279.993,HK0040000298,6375735,GOLD PEAK TECHNOLOGY GROUP L,Information Technology
103377,1,2021,30/06/2021,14/12/2021,8798.107,6182.492,HK0040000298,6375735,GOLD PEAK TECHNOLOGY GROUP L,Information Technology
103377,4,2021,31/03/2022,28/07/2022,9048.115,6156.152,HK0040000298,6375735,GOLD PEAK TECHNOLOGY GROUP L,Information Technology
103377,1,2022,30/06/2022,13/12/2022,8443.646,5737.588,HK0040000298,6375735,GOLD PEAK TECHNOLOGY GROUP L,Information Technology
103377,4,2022,31/03/2023,29/05/2023,8268.065,5545.303,HK0040000298,6375735,GOLD PEAK TECHNOLOGY GROUP L,Information Technology
107225,4,2016,31/03/2017,25/05/2017,27185.974,23090.752,HK0992009065,6218089,LENOVO GROUP LTD,Information Technology
107225,1,2017,30/06/2017,02/11/2017,26626.813,22448.722,HK0992009065,6218089,LENOVO GROUP LTD,Information Technology
107225,4,2017,31/03/2018,24/05/2018,28494.171,23948.183,HK0992009065,6218089,LENOVO GROUP LTD,Information Technology
107225,1,2018,30/06/2018,08/11/2018,31311.358,26973.24,HK0992009065,6218089,LENOVO GROUP LTD,Information Technology
107225,4,2018,31/03/2019,23/05/2019,29988.485,25891.422,HK0992009065,6218089,LENOVO GROUP LTD,Information Technology
107225,1,2019,30/06/2019,07/11/2019,32411.553,28154.828,HK0992009065,6218089,LENOVO GROUP LTD,Information Technology
107225,4,2019,31/03/2020,20/05/2020,32128.167,28068.872,HK0992009065,6218089,LENOVO GROUP LTD,Information Technology
107225,1,2020,30/06/2020,03/11/2020,33494.982,29264.676,HK0992009065,6218089,LENOVO GROUP LTD,Information Technology
107225,4,2020,31/03/2021,27/05/2021,37990.631,34380.098,HK0992009065,6218089,LENOVO GROUP LTD,Information Technology
107225,1,2021,30/06/2021,04/11/2021,40460.633,36300.576,HK0992009065,6218089,LENOVO GROUP LTD,Information Technology
107225,4,2021,31/03/2022,26/05/2022,44510.444,39115.743,HK0992009065,6218089,LENOVO GROUP LTD,Information Technology
107225,1,2022,30/06/2022,03/11/2022,44248.498,38663.4,HK0992009065,6218089,LENOVO GROUP LTD,Information Technology
107225,4,2022,31/03/2023,24/05/2023,38920.057,32873.036,HK0992009065,6218089,LENOVO GROUP LTD,Information Technology
107225,1,2023,30/06/2023,16/11/2023,37924.369,32067.389,HK0992009065,6218089,LENOVO GROUP LTD,Information Technology
203855,1,2017,31/03/2017,30/08/2017,1787.819,913.65,HK0000434156,BF0XJ51,GOLDEN CENTURY INTERNATIONAL,Information Technology
203855,4,2017,31/12/2017,28/03/2018,1348.896,746.669,HK0000434156,BF0XJ51,GOLDEN CENTURY INTERNATIONAL,Information Technology
203855,1,2018,31/03/2018,27/08/2018,1272.189,749.004,HK0000434156,BF0XJ51,GOLDEN CENTURY INTERNATIONAL,Information Technology
203855,4,2018,31/12/2018,29/03/2019,690.821,652.371,HK0000434156,BF0XJ51,GOLDEN CENTURY INTERNATIONAL,Information Technology
203855,1,2019,31/03/2019,26/08/2019,237.968,509.34,HK0000434156,BF0XJ51,GOLDEN CENTURY INTERNATIONAL,Information Technology
203855,4,2019,31/12/2019,01/04/2020,190.954,518.688,HK0000434156,BF0XJ51,GOLDEN CENTURY INTERNATIONAL,Information Technology
203855,1,2020,31/03/2020,26/08/2020,282.102,642.679,HK0000434156,BF0XJ51,GOLDEN CENTURY INTERNATIONAL,Information Technology
203855,4,2020,31/12/2020,26/03/2021,361.908,745.016,HK0000434156,BF0XJ51,GOLDEN CENTURY INTERNATIONAL,Information Technology
203855,1,2021,31/03/2021,27/08/2021,499.37,764.691,HK0000434156,BF0XJ51,GOLDEN CENTURY INTERNATIONAL,Information Technology
203855,4,2021,31/12/2021,25/03/2022,366.232,341.48,HK0000434156,BF0XJ51,GOLDEN CENTURY INTERNATIONAL,Information Technology
203855,1,2022,31/03/2022,26/08/2022,311.599,324.419,HK0000434156,BF0XJ51,GOLDEN CENTURY INTERNATIONAL,Information Technology
203855,4,2022,31/12/2022,31/03/2023,124.383,250.739,HK0000434156,BF0XJ51,GOLDEN CENTURY INTERNATIONAL,Information Technology
203855,1,2023,31/03/2023,25/08/2023,89.929,242.809,HK0000434156,BF0XJ51,GOLDEN CENTURY INTERNATIONAL,Information Technology
208266,1,2017,31/03/2017,31/08/2017,450.158,93.558,HK0000900701,BQZDHH1,ELATE HOLDINGS LTD,Information Technology
208266,4,2017,31/12/2017,29/03/2018,444.255,80.31,HK0000900701,BQZDHH1,ELATE HOLDINGS LTD,Information Technology
208266,1,2018,31/03/2018,31/08/2018,443.257,63.733,HK0000900701,BQZDHH1,ELATE HOLDINGS LTD,Information Technology
208266,4,2018,31/12/2018,01/04/2019,426.456,59.627,HK0000900701,BQZDHH1,ELATE HOLDINGS LTD,Information Technology
208266,1,2019,31/03/2019,30/08/2019,421.206,49.067,HK0000900701,BQZDHH1,ELATE HOLDINGS LTD,Information Technology
208266,4,2019,31/12/2019,31/03/2020,412.34,42.963,HK0000900701,BQZDHH1,ELATE HOLDINGS LTD,Information Technology
208266,1,2020,31/03/2020,28/08/2020,397.495,22.19,HK0000900701,BQZDHH1,ELATE HOLDINGS LTD,Information Technology
208266,4,2020,31/12/2020,29/03/2021,399.067,16.642,HK0000900701,BQZDHH1,ELATE HOLDINGS LTD,Information Technology
208266,1,2021,31/03/2021,30/08/2021,408.69,21.941,HK0000900701,BQZDHH1,ELATE HOLDINGS LTD,Information Technology
208266,4,2021,31/12/2021,30/03/2022,407.854,19.984,HK0000900701,BQZDHH1,ELATE HOLDINGS LTD,Information Technology
208266,1,2022,31/03/2022,30/08/2022,414.926,28.721,HK0000900701,BQZDHH1,ELATE HOLDINGS LTD,Information Technology
208266,4,2022,31/12/2022,30/03/2023,409.142,23.97,HK0000900701,BQZDHH1,ELATE HOLDINGS LTD,Information Technology
208266,1,2023,31/03/2023,30/08/2023,412.349,24.877,HK0000900701,BQZDHH1,ELATE HOLDINGS LTD,Information Technology
220407,1,2017,31/03/2017,25/08/2017,13453.142,5019.26,HK0031044180,6215875,CHINA AEROSPACE INTL HLDGS,Information Technology
220407,4,2017,31/12/2017,23/03/2018,14575.108,5368.896,HK0031044180,6215875,CHINA AEROSPACE INTL HLDGS,Information Technology
220407,1,2018,31/03/2018,28/08/2018,14449.712,5242.712,HK0031044180,6215875,CHINA AEROSPACE INTL HLDGS,Information Technology
220407,4,2018,31/12/2018,24/03/2019,14319.28,5138.913,HK0031044180,6215875,CHINA AEROSPACE INTL HLDGS,Information Technology
220407,1,2019,31/03/2019,23/08/2019,14495.595,5188.916,HK0031044180,6215875,CHINA AEROSPACE INTL HLDGS,Information Technology
220407,4,2019,31/12/2019,31/03/2020,14705.271,5324.285,HK0031044180,6215875,CHINA AEROSPACE INTL HLDGS,Information Technology
220407,1,2020,31/03/2020,27/08/2020,14392.878,5066.95,HK0031044180,6215875,CHINA AEROSPACE INTL HLDGS,Information Technology
220407,4,2020,31/12/2020,30/03/2021,16116.764,5831.026,HK0031044180,6215875,CHINA AEROSPACE INTL HLDGS,Information Technology
220407,1,2021,31/03/2021,27/08/2021,16630.454,6049.531,HK0031044180,6215875,CHINA AEROSPACE INTL HLDGS,Information Technology
220407,4,2021,31/12/2021,31/03/2022,16869.162,6026.396,HK0031044180,6215875,CHINA AEROSPACE INTL HLDGS,Information Technology
220407,1,2022,31/03/2022,30/08/2022,15800.952,5611.203,HK0031044180,6215875,CHINA AEROSPACE INTL HLDGS,Information Technology
220407,4,2022,31/12/2022,24/03/2023,15265.828,5481.165,HK0031044180,6215875,CHINA AEROSPACE INTL HLDGS,Information Technology
220407,1,2023,31/03/2023,25/08/2023,14495.698,5115.328,HK0031044180,6215875,CHINA AEROSPACE INTL HLDGS,Information Technology
287707,1,2017,31/03/2017,28/08/2017,22753.371,9824.667,HK0285041858,B29SHS5,BYD ELECTRONIC INTL CO LTD,Information Technology
287707,4,2017,31/12/2017,27/03/2018,25386.326,11195.013,HK0285041858,B29SHS5,BYD ELECTRONIC INTL CO LTD,Information Technology
287707,1,2018,31/03/2018,29/08/2018,25145.746,10372.438,HK0285041858,B29SHS5,BYD ELECTRONIC INTL CO LTD,Information Technology
287707,4,2018,31/12/2018,27/03/2019,26051.172,10225.84,HK0285041858,B29SHS5,BYD ELECTRONIC INTL CO LTD,Information Technology
287707,1,2019,31/03/2019,21/08/2019,25676.542,9713.191,HK0285041858,B29SHS5,BYD ELECTRONIC INTL CO LTD,Information Technology
287707,4,2019,31/12/2019,31/03/2020,28026.974,11037.501,HK0285041858,B29SHS5,BYD ELECTRONIC INTL CO LTD,Information Technology
287707,1,2020,31/03/2020,28/08/2020,34654.783,15359.139,HK0285041858,B29SHS5,BYD ELECTRONIC INTL CO LTD,Information Technology
287707,4,2020,31/12/2020,29/03/2021,37976.088,15703.795,HK0285041858,B29SHS5,BYD ELECTRONIC INTL CO LTD,Information Technology
287707,1,2021,31/03/2021,27/08/2021,37436.381,14066.149,HK0285041858,B29SHS5,BYD ELECTRONIC INTL CO LTD,Information Technology
287707,4,2021,31/12/2021,29/03/2022,41175.282,17148.179,HK0285041858,B29SHS5,BYD ELECTRONIC INTL CO LTD,Information Technology
287707,1,2022,31/03/2022,29/08/2022,44644.727,20216.895,HK0285041858,B29SHS5,BYD ELECTRONIC INTL CO LTD,Information Technology
287707,4,2022,31/12/2022,28/03/2023,56994.373,31359.304,HK0285041858,B29SHS5,BYD ELECTRONIC INTL CO LTD,Information Technology
287707,1,2023,31/03/2023,28/08/2023,59726.098,32921.459,HK0285041858,B29SHS5,BYD ELECTRONIC INTL CO LTD,Information Technology
201731,1,2017,31/03/2017,24/08/2017,3153.637,1750.135,HK0103000607,6302294,SHOUGANG CENTURY HOLDINGS,Materials
201731,4,2017,31/12/2017,22/03/2018,3444.076,2052.548,HK0103000607,6302294,SHOUGANG CENTURY HOLDINGS,Materials
201731,1,2018,31/03/2018,30/08/2018,3525.512,2154.693,HK0103000607,6302294,SHOUGANG CENTURY HOLDINGS,Materials
201731,4,2018,31/12/2018,22/03/2019,3414.467,2075.317,HK0103000607,6302294,SHOUGANG CENTURY HOLDINGS,Materials
201731,1,2019,31/03/2019,29/08/2019,3280.743,1912.844,HK0103000607,6302294,SHOUGANG CENTURY HOLDINGS,Materials
201731,4,2019,31/12/2019,24/03/2020,3143.918,1728.846,HK0103000607,6302294,SHOUGANG CENTURY HOLDINGS,Materials
201731,1,2020,31/03/2020,17/08/2020,2746.096,1349.877,HK0103000607,6302294,SHOUGANG CENTURY HOLDINGS,Materials
201731,4,2020,31/12/2020,22/03/2021,3371.907,1726.336,HK0103000607,6302294,SHOUGANG CENTURY HOLDINGS,Materials
201731,1,2021,31/03/2021,26/08/2021,3739.716,2020.293,HK0103000607,6302294,SHOUGANG CENTURY HOLDINGS,Materials
201731,4,2021,31/12/2021,25/03/2022,3973.724,2240.778,HK0103000607,6302294,SHOUGANG CENTURY HOLDINGS,Materials
201731,1,2022,31/03/2022,26/08/2022,3769.87,2064.826,HK0103000607,6302294,SHOUGANG CENTURY HOLDINGS,Materials
201731,4,2022,31/12/2022,24/03/2023,3327.43,1669.687,HK0103000607,6302294,SHOUGANG CENTURY HOLDINGS,Materials
201731,1,2023,31/03/2023,23/08/2023,3202.113,1540.15,HK0103000607,6302294,SHOUGANG CENTURY HOLDINGS,Materials
203197,1,2017,31/03/2017,29/08/2017,3582.937,817.225,HK0450001869,6445014,HUNG HING PRTG GRP LTD,Materials
203197,4,2017,31/12/2017,20/03/2018,4543.812,728.79,HK0450001869,6445014,HUNG HING PRTG GRP LTD,Materials
203197,1,2018,31/03/2018,28/08/2018,4269.142,774.465,HK0450001869,6445014,HUNG HING PRTG GRP LTD,Materials
203197,4,2018,31/12/2018,22/03/2019,4066.243,668.328,HK0450001869,6445014,HUNG HING PRTG GRP LTD,Materials
203197,1,2019,31/03/2019,28/08/2019,4102.042,757.827,HK0450001869,6445014,HUNG HING PRTG GRP LTD,Materials
203197,4,2019,31/12/2019,24/03/2020,3921.676,593.995,HK0450001869,6445014,HUNG HING PRTG GRP LTD,Materials
203197,1,2020,31/03/2020,25/08/2020,3869.245,640.035,HK0450001869,6445014,HUNG HING PRTG GRP LTD,Materials
203197,4,2020,31/12/2020,24/03/2021,4140.053,752.045,HK0450001869,6445014,HUNG HING PRTG GRP LTD,Materials
203197,1,2021,31/03/2021,24/08/2021,4351.952,1016.499,HK0450001869,6445014,HUNG HING PRTG GRP LTD,Materials
203197,4,2021,31/12/2021,24/03/2022,4304.95,957.814,HK0450001869,6445014,HUNG HING PRTG GRP LTD,Materials
203197,1,2022,31/03/2022,23/08/2022,4234.383,1033.681,HK0450001869,6445014,HUNG HING PRTG GRP LTD,Materials
203197,4,2022,31/12/2022,22/03/2023,3985.148,795.098,HK0450001869,6445014,HUNG HING PRTG GRP LTD,Materials
203197,1,2023,31/03/2023,24/08/2023,3890.388,742.894,HK0450001869,6445014,HUNG HING PRTG GRP LTD,Materials
206833,1,2017,31/03/2017,29/08/2017,2908.572,368.57,HK1203033175,B0TP5P5,GDH GUANGNAN (HOLDINGS) LTD,Materials
206833,4,2017,31/12/2017,27/03/2018,3003.711,393.338,HK1203033175,B0TP5P5,GDH GUANGNAN (HOLDINGS) LTD,Materials
206833,1,2018,31/03/2018,29/08/2018,3112.354,473.999,HK1203033175,B0TP5P5,GDH GUANGNAN (HOLDINGS) LTD,Materials
206833,4,2018,31/12/2018,29/03/2019,2958.801,353.945,HK1203033175,B0TP5P5,GDH GUANGNAN (HOLDINGS) LTD,Materials
206833,1,2019,31/03/2019,30/08/2019,3010.351,404.53,HK1203033175,B0TP5P5,GDH GUANGNAN (HOLDINGS) LTD,Materials
206833,4,2019,31/12/2019,27/03/2020,3046.807,462.282,HK1203033175,B0TP5P5,GDH GUANGNAN (HOLDINGS) LTD,Materials
206833,1,2020,31/03/2020,21/08/2020,3196.686,627.023,HK1203033175,B0TP5P5,GDH GUANGNAN (HOLDINGS) LTD,Materials
206833,4,2020,31/12/2020,30/03/2021,3315.44,531.032,HK1203033175,B0TP5P5,GDH GUANGNAN (HOLDINGS) LTD,Materials
206833,1,2021,31/03/2021,27/08/2021,3930.851,1087.715,HK1203033175,B0TP5P5,GDH GUANGNAN (HOLDINGS) LTD,Materials
206833,4,2021,31/12/2021,29/03/2022,4250.775,1342.446,HK1203033175,B0TP5P5,GDH GUANGNAN (HOLDINGS) LTD,Materials
206833,1,2022,31/03/2022,30/08/2022,4245.357,1480.18,HK1203033175,B0TP5P5,GDH GUANGNAN (HOLDINGS) LTD,Materials
206833,4,2022,31/12/2022,30/03/2023,4884.006,2100.093,HK1203033175,B0TP5P5,GDH GUANGNAN (HOLDINGS) LTD,Materials
206833,1,2023,31/03/2023,31/08/2023,4816.424,2076.956,HK1203033175,B0TP5P5,GDH GUANGNAN (HOLDINGS) LTD,Materials
206905,1,2017,31/03/2017,22/08/2017,14624.3,11910.4,HK1208013172,6728793,MMG LTD,Materials
206905,4,2017,31/12/2017,07/03/2018,14789.6,11817.8,HK1208013172,6728793,MMG LTD,Materials
206905,1,2018,31/03/2018,20/08/2018,14049.5,11043.9,HK1208013172,6728793,MMG LTD,Materials
206905,4,2018,31/12/2018,06/03/2019,13255.4,10359.1,HK1208013172,6728793,MMG LTD,Materials
206905,1,2019,31/03/2019,21/08/2019,12903.2,10103.3,HK1208013172,6728793,MMG LTD,Materials
206905,4,2019,31/12/2019,04/03/2020,12665.1,9987.2,HK1208013172,6728793,MMG LTD,Materials
206905,1,2020,31/03/2020,19/08/2020,12257.6,9766.7,HK1208013172,6728793,MMG LTD,Materials
206905,4,2020,31/12/2020,03/03/2021,12298,9628.3,HK1208013172,6728793,MMG LTD,Materials
206905,1,2021,31/03/2021,18/08/2021,12842.4,9255.2,HK1208013172,6728793,MMG LTD,Materials
206905,4,2021,31/12/2021,24/03/2022,13024.1,9096.1,HK1208013172,6728793,MMG LTD,Materials
206905,1,2022,31/03/2022,18/08/2022,12505.8,8402.7,HK1208013172,6728793,MMG LTD,Materials
206905,4,2022,31/12/2022,07/03/2023,12535.5,8307,HK1208013172,6728793,MMG LTD,Materials
206905,1,2023,31/03/2023,15/08/2023,12718.8,8519.2,HK1208013172,6728793,MMG LTD,Materials
210707,4,2016,31/03/2017,16/06/2017,1759.1944,513.115,HK0252001307,6824776,SOUTHEAST ASIA PPTYS & FIN,Materials
210707,1,2017,30/06/2017,23/11/2017,1723.378,432.404,HK0252001307,6824776,SOUTHEAST ASIA PPTYS & FIN,Materials
210707,4,2017,31/03/2018,22/06/2018,1783.2014,483.785,HK0252001307,6824776,SOUTHEAST ASIA PPTYS & FIN,Materials
210707,1,2018,30/06/2018,30/11/2018,1863.6983,577.591,HK0252001307,6824776,SOUTHEAST ASIA PPTYS & FIN,Materials
210707,4,2018,31/03/2019,21/06/2019,1781.7148,545.398,HK0252001307,6824776,SOUTHEAST ASIA PPTYS & FIN,Materials
210707,1,2019,30/06/2019,22/11/2019,1717.8119,515.642,HK0252001307,6824776,SOUTHEAST ASIA PPTYS & FIN,Materials
210707,4,2019,31/03/2020,26/06/2020,1531.1142,493.841,HK0252001307,6824776,SOUTHEAST ASIA PPTYS & FIN,Materials
210707,1,2020,30/06/2020,20/11/2020,1543.6153,524.892,HK0252001307,6824776,SOUTHEAST ASIA PPTYS & FIN,Materials
210707,4,2020,31/03/2021,24/06/2021,1482.7202,433.51,HK0252001307,6824776,SOUTHEAST ASIA PPTYS & FIN,Materials
210707,1,2021,30/06/2021,19/11/2021,1577.253,474.081,HK0252001307,6824776,SOUTHEAST ASIA PPTYS & FIN,Materials
210707,4,2021,31/03/2022,29/06/2022,1577.5249,503.311,HK0252001307,6824776,SOUTHEAST ASIA PPTYS & FIN,Materials
210707,1,2022,30/06/2022,24/11/2022,1479.241,415.299,HK0252001307,6824776,SOUTHEAST ASIA PPTYS & FIN,Materials
210707,4,2022,31/03/2023,30/06/2023,1528.9101,447.535,HK0252001307,6824776,SOUTHEAST ASIA PPTYS & FIN,Materials
210707,1,2023,30/06/2023,23/11/2023,1473.0792,394.396,HK0252001307,6824776,SOUTHEAST ASIA PPTYS & FIN,Materials
260498,1,2017,31/03/2017,15/09/2017,413.643,286.61,HK0000068244,B3ND017,IRC LIMITED,Materials
260498,4,2017,31/12/2017,26/03/2018,546.282,294.838,HK0000068244,B3ND017,IRC LIMITED,Materials
260498,1,2018,31/03/2018,20/09/2018,529.355,293.857,HK0000068244,B3ND017,IRC LIMITED,Materials
260498,4,2018,31/12/2018,28/03/2019,609.96,290.45,HK0000068244,B3ND017,IRC LIMITED,Materials
260498,1,2019,31/03/2019,29/08/2019,618.489,343.991,HK0000068244,B3ND017,IRC LIMITED,Materials
260498,4,2019,31/12/2019,26/03/2020,607.43,329.429,HK0000068244,B3ND017,IRC LIMITED,Materials
260498,1,2020,31/03/2020,25/08/2020,604.572,318.812,HK0000068244,B3ND017,IRC LIMITED,Materials
260498,4,2020,31/12/2020,29/03/2021,681.121,298.835,HK0000068244,B3ND017,IRC LIMITED,Materials
260498,1,2021,31/03/2021,26/08/2021,761.834,287.619,HK0000068244,B3ND017,IRC LIMITED,Materials
260498,4,2021,31/12/2021,29/03/2022,709.146,192.767,HK0000068244,B3ND017,IRC LIMITED,Materials
260498,1,2022,31/03/2022,29/08/2022,643.313,198.386,HK0000068244,B3ND017,IRC LIMITED,Materials
260498,4,2022,31/12/2022,29/03/2023,593.952,145.681,HK0000068244,B3ND017,IRC LIMITED,Materials
260498,1,2023,31/03/2023,29/08/2023,540.222,158.787,HK0000068244,B3ND017,IRC LIMITED,Materials
293243,1,2017,31/03/2017,21/08/2017,8912.02,3830.62,HK0000057171,B562TV8,CPMC HLDGS LTD,Materials
293243,4,2017,31/12/2017,26/03/2018,10250.514,4958.422,HK0000057171,B562TV8,CPMC HLDGS LTD,Materials
293243,1,2018,31/03/2018,28/08/2018,10728.757,5429.747,HK0000057171,B562TV8,CPMC HLDGS LTD,Materials
293243,4,2018,31/12/2018,26/03/2019,10975.684,5727.096,HK0000057171,B562TV8,CPMC HLDGS LTD,Materials
293243,1,2019,31/03/2019,27/08/2019,11178.56,5926.337,HK0000057171,B562TV8,CPMC HLDGS LTD,Materials
293243,4,2019,31/12/2019,25/03/2020,11317.531,6102.538,HK0000057171,B562TV8,CPMC HLDGS LTD,Materials
293243,1,2020,31/03/2020,20/08/2020,12176.477,7049.582,HK0000057171,B562TV8,CPMC HLDGS LTD,Materials
293243,4,2020,31/12/2020,22/03/2021,11796.365,6293.402,HK0000057171,B562TV8,CPMC HLDGS LTD,Materials
293243,1,2021,31/03/2021,19/08/2021,12274.071,6635.544,HK0000057171,B562TV8,CPMC HLDGS LTD,Materials
293243,4,2021,31/12/2021,22/03/2022,12991.814,7172.775,HK0000057171,B562TV8,CPMC HLDGS LTD,Materials
293243,1,2022,31/03/2022,23/08/2022,13486.682,7694.851,HK0000057171,B562TV8,CPMC HLDGS LTD,Materials
293243,4,2022,31/12/2022,21/03/2023,14074.506,8346.104,HK0000057171,B562TV8,CPMC HLDGS LTD,Materials
293243,1,2023,31/03/2023,22/08/2023,14055.177,8285.299,HK0000057171,B562TV8,CPMC HLDGS LTD,Materials
313082,1,2017,31/03/2017,29/08/2017,2539.553,1588.495,HK0000112026,B890GY2,CHINA NONFERROUS MINING,Materials
313082,4,2017,31/12/2017,29/03/2018,2803.197,1763.113,HK0000112026,B890GY2,CHINA NONFERROUS MINING,Materials
313082,1,2018,31/03/2018,31/08/2018,3028.211,1810.006,HK0000112026,B890GY2,CHINA NONFERROUS MINING,Materials
313082,4,2018,31/12/2018,29/03/2019,2833.005,1536.45,HK0000112026,B890GY2,CHINA NONFERROUS MINING,Materials
313082,1,2019,31/03/2019,29/08/2019,3084.311,1695.911,HK0000112026,B890GY2,CHINA NONFERROUS MINING,Materials
313082,4,2019,31/12/2019,24/03/2020,3315.531,1779.455,HK0000112026,B890GY2,CHINA NONFERROUS MINING,Materials
313082,1,2020,31/03/2020,28/08/2020,3619.505,2099.595,HK0000112026,B890GY2,CHINA NONFERROUS MINING,Materials
313082,4,2020,31/12/2020,31/03/2021,3533.359,1874.417,HK0000112026,B890GY2,CHINA NONFERROUS MINING,Materials
313082,1,2021,31/03/2021,30/08/2021,4310.108,2229.629,HK0000112026,B890GY2,CHINA NONFERROUS MINING,Materials
313082,4,2021,31/12/2021,30/03/2022,4163.984,1992.1,HK0000112026,B890GY2,CHINA NONFERROUS MINING,Materials
313082,1,2022,31/03/2022,30/08/2022,4328.049,2037.655,HK0000112026,B890GY2,CHINA NONFERROUS MINING,Materials
313082,4,2022,31/12/2022,30/03/2023,4021.016,1688.08,HK0000112026,B890GY2,CHINA NONFERROUS MINING,Materials
313082,1,2023,31/03/2023,29/08/2023,4087.203,1594.13,HK0000112026,B890GY2,CHINA NONFERROUS MINING,Materials
16590,1,2017,31/03/2017,20/07/2017,120364,12081,HK0006000050,6435327,POWER ASSETS HOLDINGS LTD,Utilities
16590,4,2017,31/12/2017,16/03/2018,107001,11421,HK0006000050,6435327,POWER ASSETS HOLDINGS LTD,Utilities
16590,1,2018,31/03/2018,26/07/2018,91006,7601,HK0006000050,6435327,POWER ASSETS HOLDINGS LTD,Utilities
16590,4,2018,31/12/2018,20/03/2019,91437,7880,HK0006000050,6435327,POWER ASSETS HOLDINGS LTD,Utilities
16590,1,2019,31/03/2019,31/07/2019,90901,8222,HK0006000050,6435327,POWER ASSETS HOLDINGS LTD,Utilities
16590,4,2019,31/12/2019,18/03/2020,93571,8079,HK0006000050,6435327,POWER ASSETS HOLDINGS LTD,Utilities
16590,1,2020,31/03/2020,05/08/2020,91574,8784,HK0006000050,6435327,POWER ASSETS HOLDINGS LTD,Utilities
16590,4,2020,31/12/2020,17/03/2021,93552,8786,HK0006000050,6435327,POWER ASSETS HOLDINGS LTD,Utilities
16590,1,2021,31/03/2021,04/08/2021,94569,8282,HK0006000050,6435327,POWER ASSETS HOLDINGS LTD,Utilities
16590,4,2021,31/12/2021,16/03/2022,94304,7537,HK0006000050,6435327,POWER ASSETS HOLDINGS LTD,Utilities
16590,1,2022,31/03/2022,03/08/2022,94778,8018,HK0006000050,6435327,POWER ASSETS HOLDINGS LTD,Utilities
16590,4,2022,31/12/2022,15/03/2023,94527,7670,HK0006000050,6435327,POWER ASSETS HOLDINGS LTD,Utilities
16590,1,2023,31/03/2023,02/08/2023,95478,7185,HK0006000050,6435327,POWER ASSETS HOLDINGS LTD,Utilities
18526,1,2017,31/03/2017,21/08/2017,121620.7,55849.7,HK0003000038,6436557,HONG KONG AND CHINA GAS COMP,Utilities
18526,4,2017,31/12/2017,20/03/2018,131061.9,60816,HK0003000038,6436557,HONG KONG AND CHINA GAS COMP,Utilities
18526,1,2018,31/03/2018,21/08/2018,134909.3,63306.2,HK0003000038,6436557,HONG KONG AND CHINA GAS COMP,Utilities
18526,4,2018,31/12/2018,20/03/2019,132693.1,62499.8,HK0003000038,6436557,HONG KONG AND CHINA GAS COMP,Utilities
18526,1,2019,31/03/2019,20/08/2019,135217.2,61976.6,HK0003000038,6436557,HONG KONG AND CHINA GAS COMP,Utilities
18526,4,2019,31/12/2019,19/03/2020,140470.1,65073.4,HK0003000038,6436557,HONG KONG AND CHINA GAS COMP,Utilities
18526,1,2020,31/03/2020,17/08/2020,139112.7,66527.1,HK0003000038,6436557,HONG KONG AND CHINA GAS COMP,Utilities
18526,4,2020,31/12/2020,19/03/2021,150280.2,71126.9,HK0003000038,6436557,HONG KONG AND CHINA GAS COMP,Utilities
18526,1,2021,31/03/2021,20/08/2021,160033.1,80172,HK0003000038,6436557,HONG KONG AND CHINA GAS COMP,Utilities
18526,4,2021,31/12/2021,21/03/2022,168067.4,86228.6,HK0003000038,6436557,HONG KONG AND CHINA GAS COMP,Utilities
18526,1,2022,31/03/2022,19/08/2022,164968.1,86838.2,HK0003000038,6436557,HONG KONG AND CHINA GAS COMP,Utilities
18526,4,2022,31/12/2022,17/03/2023,168469.3,93330.6,HK0003000038,6436557,HONG KONG AND CHINA GAS COMP,Utilities
18526,1,2023,31/03/2023,15/08/2023,162051.1,90432.2,HK0003000038,6436557,HONG KONG AND CHINA GAS COMP,Utilities
100665,1,2017,31/03/2017,07/08/2017,213233,98791,HK0002007356,6097017,CLP HOLDINGS LTD,Utilities
100665,4,2017,31/12/2017,25/02/2018,228151,106644,HK0002007356,6097017,CLP HOLDINGS LTD,Utilities
100665,1,2018,31/03/2018,06/08/2018,228163,105762,HK0002007356,6097017,CLP HOLDINGS LTD,Utilities
100665,4,2018,31/12/2018,24/02/2019,230514,105582,HK0002007356,6097017,CLP HOLDINGS LTD,Utilities
100665,1,2019,31/03/2019,06/08/2019,222335,102435,HK0002007356,6097017,CLP HOLDINGS LTD,Utilities
100665,4,2019,31/12/2019,23/02/2020,221623,102294,HK0002007356,6097017,CLP HOLDINGS LTD,Utilities
100665,1,2020,31/03/2020,03/08/2020,224043,105593,HK0002007356,6097017,CLP HOLDINGS LTD,Utilities
100665,4,2020,31/12/2020,21/02/2021,234233,108261,HK0002007356,6097017,CLP HOLDINGS LTD,Utilities
100665,1,2021,31/03/2021,02/08/2021,234983,109242,HK0002007356,6097017,CLP HOLDINGS LTD,Utilities
100665,4,2021,31/12/2021,27/02/2022,239809,113100,HK0002007356,6097017,CLP HOLDINGS LTD,Utilities
100665,1,2022,31/03/2022,08/08/2022,260522,140476,HK0002007356,6097017,CLP HOLDINGS LTD,Utilities
100665,4,2022,31/12/2022,26/02/2023,236026,120332,HK0002007356,6097017,CLP HOLDINGS LTD,Utilities
100665,1,2023,31/03/2023,07/08/2023,234934,119304,HK0002007356,6097017,CLP HOLDINGS LTD,Utilities
202779,1,2017,31/03/2017,31/08/2017,160400.985,87513.447,HK0392044647,6081690,BEIJING ENTERPRISES HOLDINGS,Utilities
202779,4,2017,31/12/2017,29/03/2018,171549.018,92376.013,HK0392044647,6081690,BEIJING ENTERPRISES HOLDINGS,Utilities
202779,1,2018,31/03/2018,30/08/2018,176094.649,93391.335,HK0392044647,6081690,BEIJING ENTERPRISES HOLDINGS,Utilities
202779,4,2018,31/12/2018,28/03/2019,174496.28,93480.908,HK0392044647,6081690,BEIJING ENTERPRISES HOLDINGS,Utilities
202779,1,2019,31/03/2019,29/08/2019,180518.878,96498.116,HK0392044647,6081690,BEIJING ENTERPRISES HOLDINGS,Utilities
202779,4,2019,31/12/2019,31/03/2020,185806.276,98791.449,HK0392044647,6081690,BEIJING ENTERPRISES HOLDINGS,Utilities
202779,1,2020,31/03/2020,31/08/2020,188125.133,101378.201,HK0392044647,6081690,BEIJING ENTERPRISES HOLDINGS,Utilities
202779,4,2020,31/12/2020,31/03/2021,204804.421,107378.699,HK0392044647,6081690,BEIJING ENTERPRISES HOLDINGS,Utilities
202779,1,2021,31/03/2021,31/08/2021,217591.582,113278.405,HK0392044647,6081690,BEIJING ENTERPRISES HOLDINGS,Utilities
202779,4,2021,31/12/2021,31/03/2022,222822.051,113755.082,HK0392044647,6081690,BEIJING ENTERPRISES HOLDINGS,Utilities
202779,1,2022,31/03/2022,31/08/2022,224407.226,115350.721,HK0392044647,6081690,BEIJING ENTERPRISES HOLDINGS,Utilities
202779,4,2022,31/12/2022,31/03/2023,221071.367,118032.67,HK0392044647,6081690,BEIJING ENTERPRISES HOLDINGS,Utilities
202779,1,2023,31/03/2023,30/08/2023,224629.017,122011.861,HK0392044647,6081690,BEIJING ENTERPRISES HOLDINGS,Utilities
208712,1,2017,31/03/2017,19/09/2017,18199.156,11711.757,HK0000120151,B8HTPF5,KONG SUN HOLDINGS LTD,Utilities
208712,4,2017,31/12/2017,23/03/2018,20010.092,13463.601,HK0000120151,B8HTPF5,KONG SUN HOLDINGS LTD,Utilities
208712,1,2018,31/03/2018,24/08/2018,20033.367,13497.677,HK0000120151,B8HTPF5,KONG SUN HOLDINGS LTD,Utilities
208712,4,2018,31/12/2018,25/03/2019,20420.116,13816.288,HK0000120151,B8HTPF5,KONG SUN HOLDINGS LTD,Utilities
208712,1,2019,31/03/2019,23/08/2019,20061.898,13856.874,HK0000120151,B8HTPF5,KONG SUN HOLDINGS LTD,Utilities
208712,4,2019,31/12/2019,27/03/2020,18672.085,13178.786,HK0000120151,B8HTPF5,KONG SUN HOLDINGS LTD,Utilities
208712,1,2020,31/03/2020,25/08/2020,15980.377,10649.295,HK0000120151,B8HTPF5,KONG SUN HOLDINGS LTD,Utilities
208712,4,2020,31/12/2020,30/03/2021,14303.318,9600.51,HK0000120151,B8HTPF5,KONG SUN HOLDINGS LTD,Utilities
208712,1,2021,31/03/2021,31/08/2021,11503.198,6954.496,HK0000120151,B8HTPF5,KONG SUN HOLDINGS LTD,Utilities
208712,4,2021,31/12/2021,01/04/2022,8234.87,4473.352,HK0000120151,B8HTPF5,KONG SUN HOLDINGS LTD,Utilities
208712,1,2022,31/03/2022,26/08/2022,6592.187,2949.674,HK0000120151,B8HTPF5,KONG SUN HOLDINGS LTD,Utilities
208712,4,2022,31/12/2022,30/03/2023,6003.714,2569.598,HK0000120151,B8HTPF5,KONG SUN HOLDINGS LTD,Utilities
208712,1,2023,31/03/2023,31/08/2023,5953.548,2518.95,HK0000120151,B8HTPF5,KONG SUN HOLDINGS LTD,Utilities
216324,1,2017,31/03/2017,30/08/2017,21424.154,7390.604,HK0882007260,6092357,TIANJIN DEVELOPMENT HLDGS,Utilities
216324,4,2017,31/12/2017,28/03/2018,22605.644,7858.454,HK0882007260,6092357,TIANJIN DEVELOPMENT HLDGS,Utilities
216324,1,2018,31/03/2018,30/08/2018,24299.556,7802.479,HK0882007260,6092357,TIANJIN DEVELOPMENT HLDGS,Utilities
216324,4,2018,31/12/2018,28/03/2019,23001.454,6900.621,HK0882007260,6092357,TIANJIN DEVELOPMENT HLDGS,Utilities
216324,1,2019,31/03/2019,29/08/2019,22469.788,6304.437,HK0882007260,6092357,TIANJIN DEVELOPMENT HLDGS,Utilities
216324,4,2019,31/12/2019,15/05/2020,22556.153,6664.341,HK0882007260,6092357,TIANJIN DEVELOPMENT HLDGS,Utilities
216324,1,2020,31/03/2020,28/08/2020,22334.201,6577.162,HK0882007260,6092357,TIANJIN DEVELOPMENT HLDGS,Utilities
216324,4,2020,31/12/2020,30/03/2021,23879.408,6838.627,HK0882007260,6092357,TIANJIN DEVELOPMENT HLDGS,Utilities
216324,1,2021,31/03/2021,30/08/2021,24313.209,6948.51,HK0882007260,6092357,TIANJIN DEVELOPMENT HLDGS,Utilities
216324,4,2021,31/12/2021,30/03/2022,23457.987,5582.329,HK0882007260,6092357,TIANJIN DEVELOPMENT HLDGS,Utilities
216324,1,2022,31/03/2022,30/08/2022,22694.823,5628.579,HK0882007260,6092357,TIANJIN DEVELOPMENT HLDGS,Utilities
216324,4,2022,31/12/2022,30/03/2023,21266.227,4836.947,HK0882007260,6092357,TIANJIN DEVELOPMENT HLDGS,Utilities
216324,1,2023,31/03/2023,30/08/2023,21535.021,4936.181,HK0882007260,6092357,TIANJIN DEVELOPMENT HLDGS,Utilities
259199,1,2017,31/03/2017,16/08/2017,210475.185,135739.713,HK0836012952,6711566,CHINA RES PWR HLDG,Utilities
259199,4,2017,31/12/2017,19/03/2018,220972.47,140230.59,HK0836012952,6711566,CHINA RES PWR HLDG,Utilities
259199,1,2018,31/03/2018,16/08/2018,227997.347,148786.991,HK0836012952,6711566,CHINA RES PWR HLDG,Utilities
259199,4,2018,31/12/2018,22/03/2019,208223.167,130938.556,HK0836012952,6711566,CHINA RES PWR HLDG,Utilities
259199,1,2019,31/03/2019,14/08/2019,215409.912,134254.464,HK0836012952,6711566,CHINA RES PWR HLDG,Utilities
259199,4,2019,31/12/2019,30/03/2020,215735.726,129019.713,HK0836012952,6711566,CHINA RES PWR HLDG,Utilities
259199,1,2020,31/03/2020,17/08/2020,224218.411,136711.249,HK0836012952,6711566,CHINA RES PWR HLDG,Utilities
259199,4,2020,31/12/2020,18/03/2021,259631.937,153681.645,HK0836012952,6711566,CHINA RES PWR HLDG,Utilities
259199,1,2021,31/03/2021,20/08/2021,268227.522,157220.287,HK0836012952,6711566,CHINA RES PWR HLDG,Utilities
259199,4,2021,31/12/2021,16/03/2022,287355.077,180304.471,HK0836012952,6711566,CHINA RES PWR HLDG,Utilities
259199,1,2022,31/03/2022,17/08/2022,282869.165,177837.788,HK0836012952,6711566,CHINA RES PWR HLDG,Utilities
259199,4,2022,31/12/2022,22/03/2023,283387.646,182834.098,HK0836012952,6711566,CHINA RES PWR HLDG,Utilities
259199,1,2023,31/03/2023,22/08/2023,310548.837,209250.186,HK0836012952,6711566,CHINA RES PWR HLDG,Utilities
271066,1,2017,31/03/2017,24/08/2017,94501.264,60541.06,HK2380027329,B02ZKQ8,CHINA POWER INTL DEVELOPMENT,Utilities
271066,4,2017,31/12/2017,22/03/2018,98026.599,60832.14,HK2380027329,B02ZKQ8,CHINA POWER INTL DEVELOPMENT,Utilities
271066,1,2018,31/03/2018,23/08/2018,111944.086,74922.923,HK2380027329,B02ZKQ8,CHINA POWER INTL DEVELOPMENT,Utilities
271066,4,2018,31/12/2018,21/03/2019,124958.857,82107.695,HK2380027329,B02ZKQ8,CHINA POWER INTL DEVELOPMENT,Utilities
271066,1,2019,31/03/2019,22/08/2019,132091.261,87853.772,HK2380027329,B02ZKQ8,CHINA POWER INTL DEVELOPMENT,Utilities
271066,4,2019,31/12/2019,26/03/2020,140289.698,95156.489,HK2380027329,B02ZKQ8,CHINA POWER INTL DEVELOPMENT,Utilities
271066,1,2020,31/03/2020,27/08/2020,146120.512,101481.499,HK2380027329,B02ZKQ8,CHINA POWER INTL DEVELOPMENT,Utilities
271066,4,2020,31/12/2020,18/03/2021,155948.671,110158.754,HK2380027329,B02ZKQ8,CHINA POWER INTL DEVELOPMENT,Utilities
271066,1,2021,31/03/2021,19/08/2021,169186.577,122919.609,HK2380027329,B02ZKQ8,CHINA POWER INTL DEVELOPMENT,Utilities
271066,4,2021,31/12/2021,17/03/2022,174754.102,122869.305,HK2380027329,B02ZKQ8,CHINA POWER INTL DEVELOPMENT,Utilities
271066,1,2022,31/03/2022,25/08/2022,187802.826,135081.726,HK2380027329,B02ZKQ8,CHINA POWER INTL DEVELOPMENT,Utilities
271066,4,2022,31/12/2022,23/03/2023,211404.964,142814.859,HK2380027329,B02ZKQ8,CHINA POWER INTL DEVELOPMENT,Utilities
271066,1,2023,31/03/2023,24/08/2023,222271.885,147774.037,HK2380027329,B02ZKQ8,CHINA POWER INTL DEVELOPMENT,Utilities
101194,1,2017,31/03/2017,26/07/2017,878.01,322.263,HK0236001209,6773179,SAN MIGUEL BREWERY HONG KONG,Consumer Staples
101194,4,2017,31/12/2017,01/03/2018,873.728,288.917,HK0236001209,6773179,SAN MIGUEL BREWERY HONG KONG,Consumer Staples
101194,1,2018,31/03/2018,27/07/2018,835.911,257.306,HK0236001209,6773179,SAN MIGUEL BREWERY HONG KONG,Consumer Staples
101194,4,2018,31/12/2018,05/03/2019,731.111,230.443,HK0236001209,6773179,SAN MIGUEL BREWERY HONG KONG,Consumer Staples
101194,1,2019,31/03/2019,26/07/2019,720.644,228.579,HK0236001209,6773179,SAN MIGUEL BREWERY HONG KONG,Consumer Staples
101194,4,2019,31/12/2019,02/03/2020,732.054,216.14,HK0236001209,6773179,SAN MIGUEL BREWERY HONG KONG,Consumer Staples
101194,1,2020,31/03/2020,27/07/2020,703.531,188.127,HK0236001209,6773179,SAN MIGUEL BREWERY HONG KONG,Consumer Staples
101194,4,2020,31/12/2020,01/03/2021,743.744,200.733,HK0236001209,6773179,SAN MIGUEL BREWERY HONG KONG,Consumer Staples
101194,1,2021,31/03/2021,26/07/2021,713.59,168.426,HK0236001209,6773179,SAN MIGUEL BREWERY HONG KONG,Consumer Staples
101194,4,2021,31/12/2021,07/03/2022,721.08,149.978,HK0236001209,6773179,SAN MIGUEL BREWERY HONG KONG,Consumer Staples
101194,1,2022,31/03/2022,25/07/2022,695.863,123.936,HK0236001209,6773179,SAN MIGUEL BREWERY HONG KONG,Consumer Staples
101194,4,2022,31/12/2022,27/02/2023,719.344,129.625,HK0236001209,6773179,SAN MIGUEL BREWERY HONG KONG,Consumer Staples
101194,1,2023,31/03/2023,24/07/2023,757.967,125.953,HK0236001209,6773179,SAN MIGUEL BREWERY HONG KONG,Consumer Staples
102144,4,2017,30/06/2017,30/08/2017,2561.116,655.614,HK0411006957,6003672,LAM SOON (HONG KONG) LTD,Consumer Staples
102144,1,2018,30/09/2017,21/02/2018,2883.972,801.841,HK0411006957,6003672,LAM SOON (HONG KONG) LTD,Consumer Staples
102144,4,2018,30/06/2018,28/08/2018,2871.412,701.227,HK0411006957,6003672,LAM SOON (HONG KONG) LTD,Consumer Staples
102144,1,2019,30/09/2018,21/02/2019,3108.563,865.09,HK0411006957,6003672,LAM SOON (HONG KONG) LTD,Consumer Staples
102144,4,2019,30/06/2019,29/08/2019,3061.719,727.176,HK0411006957,6003672,LAM SOON (HONG KONG) LTD,Consumer Staples
102144,1,2020,30/09/2019,26/02/2020,3226.181,804.671,HK0411006957,6003672,LAM SOON (HONG KONG) LTD,Consumer Staples
102144,4,2020,30/06/2020,27/08/2020,3215.099,738.202,HK0411006957,6003672,LAM SOON (HONG KONG) LTD,Consumer Staples
102144,1,2021,30/09/2020,19/02/2021,3581.712,802.621,HK0411006957,6003672,LAM SOON (HONG KONG) LTD,Consumer Staples
102144,4,2021,30/06/2021,23/08/2021,3675.542,794.877,HK0411006957,6003672,LAM SOON (HONG KONG) LTD,Consumer Staples
102144,1,2022,30/09/2021,22/02/2022,3785.854,786.078,HK0411006957,6003672,LAM SOON (HONG KONG) LTD,Consumer Staples
102144,4,2022,30/06/2022,24/08/2022,3800.961,841.837,HK0411006957,6003672,LAM SOON (HONG KONG) LTD,Consumer Staples
102144,1,2023,30/09/2022,21/02/2023,3583.258,748.014,HK0411006957,6003672,LAM SOON (HONG KONG) LTD,Consumer Staples
102144,4,2023,30/06/2023,01/09/2023,3424.978,638.665,HK0411006957,6003672,LAM SOON (HONG KONG) LTD,Consumer Staples
201228,1,2017,31/03/2017,21/08/2017,42732,24099,HK0291001490,6972459,CHINA RESOURCES BEER (HLDGS),Consumer Staples
201228,4,2017,31/12/2017,21/03/2018,40651,22166,HK0291001490,6972459,CHINA RESOURCES BEER (HLDGS),Consumer Staples
201228,1,2018,31/03/2018,17/08/2018,44499,24760,HK0291001490,6972459,CHINA RESOURCES BEER (HLDGS),Consumer Staples
201228,4,2018,31/12/2018,20/03/2019,39271,20361,HK0291001490,6972459,CHINA RESOURCES BEER (HLDGS),Consumer Staples
201228,1,2019,31/03/2019,16/08/2019,45468,24783,HK0291001490,6972459,CHINA RESOURCES BEER (HLDGS),Consumer Staples
201228,4,2019,31/12/2019,20/03/2020,41591,21864,HK0291001490,6972459,CHINA RESOURCES BEER (HLDGS),Consumer Staples
201228,1,2020,31/03/2020,19/08/2020,47010,25337,HK0291001490,6972459,CHINA RESOURCES BEER (HLDGS),Consumer Staples
201228,4,2020,31/12/2020,22/03/2021,43775,22501,HK0291001490,6972459,CHINA RESOURCES BEER (HLDGS),Consumer Staples
201228,1,2021,31/03/2021,18/08/2021,52893,27744,HK0291001490,6972459,CHINA RESOURCES BEER (HLDGS),Consumer Staples
201228,4,2021,31/12/2021,24/03/2022,51053,26564,HK0291001490,6972459,CHINA RESOURCES BEER (HLDGS),Consumer Staples
201228,1,2022,31/03/2022,17/08/2022,56646,29242,HK0291001490,6972459,CHINA RESOURCES BEER (HLDGS),Consumer Staples
201228,4,2022,31/12/2022,24/03/2023,57313,30236,HK0291001490,6972459,CHINA RESOURCES BEER (HLDGS),Consumer Staples
201228,1,2023,31/03/2023,18/08/2023,77016,42245,HK0291001490,6972459,CHINA RESOURCES BEER (HLDGS),Consumer Staples
203623,4,2016,31/03/2017,30/06/2017,18484.016,4269.279,HK0226001151,6535045,LIPPO LTD,Consumer Staples
203623,1,2017,30/06/2017,30/11/2017,18467.175,3708.919,HK0226001151,6535045,LIPPO LTD,Consumer Staples
203623,4,2017,31/03/2018,28/06/2018,19571.337,4383.529,HK0226001151,6535045,LIPPO LTD,Consumer Staples
203623,1,2018,30/06/2018,30/11/2018,17929.683,4116.807,HK0226001151,6535045,LIPPO LTD,Consumer Staples
203623,4,2018,31/03/2019,28/06/2019,18697.628,3486.17,HK0226001151,6535045,LIPPO LTD,Consumer Staples
203623,1,2019,30/06/2019,28/11/2019,17414.731,3234.316,HK0226001151,6535045,LIPPO LTD,Consumer Staples
203623,4,2019,31/03/2020,30/06/2020,16157.585,2629.066,HK0226001151,6535045,LIPPO LTD,Consumer Staples
203623,1,2020,30/06/2020,27/11/2020,16061.418,2855.372,HK0226001151,6535045,LIPPO LTD,Consumer Staples
203623,4,2020,31/12/2020,30/03/2021,16323.635,2683.918,HK0226001151,6535045,LIPPO LTD,Consumer Staples
203623,1,2021,31/03/2021,30/08/2021,16109.329,2384.27,HK0226001151,6535045,LIPPO LTD,Consumer Staples
203623,4,2021,31/12/2021,31/03/2022,16596.608,2459.171,HK0226001151,6535045,LIPPO LTD,Consumer Staples
203623,1,2022,31/03/2022,30/08/2022,15848.174,2365.864,HK0226001151,6535045,LIPPO LTD,Consumer Staples
203623,4,2022,31/12/2022,30/03/2023,15591.777,2374.798,HK0226001151,6535045,LIPPO LTD,Consumer Staples
203623,1,2023,31/03/2023,30/08/2023,15271.196,2341.057,HK0226001151,6535045,LIPPO LTD,Consumer Staples
209569,4,2016,31/03/2017,30/06/2017,566.409,181.663,HK0060028229,6984562,HONG KONG FOOD INVEST HLDGS,Consumer Staples
209569,1,2017,30/06/2017,29/11/2017,674.14,192.346,HK0060028229,6984562,HONG KONG FOOD INVEST HLDGS,Consumer Staples
209569,4,2017,31/03/2018,28/06/2018,674.19,192.176,HK0060028229,6984562,HONG KONG FOOD INVEST HLDGS,Consumer Staples
209569,1,2018,30/06/2018,29/11/2018,702.792,46.271,HK0060028229,6984562,HONG KONG FOOD INVEST HLDGS,Consumer Staples
209569,4,2018,31/03/2019,28/06/2019,704.379,52.947,HK0060028229,6984562,HONG KONG FOOD INVEST HLDGS,Consumer Staples
209569,1,2019,30/06/2019,28/11/2019,683.84,56.037,HK0060028229,6984562,HONG KONG FOOD INVEST HLDGS,Consumer Staples
209569,4,2019,31/03/2020,30/06/2020,657.163,52.433,HK0060028229,6984562,HONG KONG FOOD INVEST HLDGS,Consumer Staples
209569,1,2020,30/06/2020,30/11/2020,676.012,54.19,HK0060028229,6984562,HONG KONG FOOD INVEST HLDGS,Consumer Staples
209569,4,2020,31/03/2021,30/06/2021,684.036,59.164,HK0060028229,6984562,HONG KONG FOOD INVEST HLDGS,Consumer Staples
209569,1,2021,30/06/2021,29/11/2021,704.422,76.495,HK0060028229,6984562,HONG KONG FOOD INVEST HLDGS,Consumer Staples
209569,4,2021,31/03/2022,30/06/2022,685.246,80.277,HK0060028229,6984562,HONG KONG FOOD INVEST HLDGS,Consumer Staples
209569,1,2022,30/06/2022,30/11/2022,649.026,71.105,HK0060028229,6984562,HONG KONG FOOD INVEST HLDGS,Consumer Staples
209569,4,2022,31/03/2023,29/06/2023,653.561,69.393,HK0060028229,6984562,HONG KONG FOOD INVEST HLDGS,Consumer Staples
209569,1,2023,30/06/2023,29/11/2023,615.466,60.056,HK0060028229,6984562,HONG KONG FOOD INVEST HLDGS,Consumer Staples
210916,4,2016,31/03/2017,23/06/2017,4486.607,1796.901,HK0345001611,6927590,VITASOY INTL HLDGS LTD,Consumer Staples
210916,1,2017,30/06/2017,27/11/2017,4803.547,1948.485,HK0345001611,6927590,VITASOY INTL HLDGS LTD,Consumer Staples
210916,4,2017,31/03/2018,15/06/2018,5182.178,2013.032,HK0345001611,6927590,VITASOY INTL HLDGS LTD,Consumer Staples
210916,1,2018,30/06/2018,20/11/2018,5475.371,2254.759,HK0345001611,6927590,VITASOY INTL HLDGS LTD,Consumer Staples
210916,4,2018,31/03/2019,20/06/2019,5878.209,2408.649,HK0345001611,6927590,VITASOY INTL HLDGS LTD,Consumer Staples
210916,1,2019,30/06/2019,20/11/2019,6113.578,2616.261,HK0345001611,6927590,VITASOY INTL HLDGS LTD,Consumer Staples
210916,4,2019,31/03/2020,19/06/2020,6410.495,2992.391,HK0345001611,6927590,VITASOY INTL HLDGS LTD,Consumer Staples
210916,1,2020,30/06/2020,18/11/2020,6865.809,2910.569,HK0345001611,6927590,VITASOY INTL HLDGS LTD,Consumer Staples
210916,4,2020,31/03/2021,17/06/2021,7276.41,3319.536,HK0345001611,6927590,VITASOY INTL HLDGS LTD,Consumer Staples
210916,1,2021,30/06/2021,24/11/2021,6885.467,3188.615,HK0345001611,6927590,VITASOY INTL HLDGS LTD,Consumer Staples
210916,4,2021,31/03/2022,29/06/2022,6807.12,3238.021,HK0345001611,6927590,VITASOY INTL HLDGS LTD,Consumer Staples
210916,1,2022,30/06/2022,17/11/2022,6420.399,2986.689,HK0345001611,6927590,VITASOY INTL HLDGS LTD,Consumer Staples
210916,4,2022,31/03/2023,20/06/2023,5849.519,2748.929,HK0345001611,6927590,VITASOY INTL HLDGS LTD,Consumer Staples
210916,1,2023,30/06/2023,21/11/2023,5734.337,2585.839,HK0345001611,6927590,VITASOY INTL HLDGS LTD,Consumer Staples
217200,1,2017,31/03/2017,18/08/2017,2233.014,309.845,HK0000065349,6019356,HONG KONG TECHNOLOGY VENTURE,Consumer Staples
217200,4,2017,31/12/2017,27/03/2018,2336.488,473.856,HK0000065349,6019356,HONG KONG TECHNOLOGY VENTURE,Consumer Staples
217200,1,2018,31/03/2018,30/08/2018,2235.075,528.963,HK0000065349,6019356,HONG KONG TECHNOLOGY VENTURE,Consumer Staples
217200,4,2018,31/12/2018,29/03/2019,2126.847,418.458,HK0000065349,6019356,HONG KONG TECHNOLOGY VENTURE,Consumer Staples
217200,1,2019,31/03/2019,30/08/2019,2371.268,792.611,HK0000065349,6019356,HONG KONG TECHNOLOGY VENTURE,Consumer Staples
217200,4,2019,31/12/2019,26/03/2020,2403.251,951.643,HK0000065349,6019356,HONG KONG TECHNOLOGY VENTURE,Consumer Staples
217200,1,2020,31/03/2020,27/08/2020,2778.445,767.441,HK0000065349,6019356,HONG KONG TECHNOLOGY VENTURE,Consumer Staples
217200,4,2020,31/12/2020,30/03/2021,3008.405,910.717,HK0000065349,6019356,HONG KONG TECHNOLOGY VENTURE,Consumer Staples
217200,1,2021,31/03/2021,26/08/2021,3088.548,870.983,HK0000065349,6019356,HONG KONG TECHNOLOGY VENTURE,Consumer Staples
217200,4,2021,31/12/2021,30/03/2022,3256.293,1195.025,HK0000065349,6019356,HONG KONG TECHNOLOGY VENTURE,Consumer Staples
217200,1,2022,31/03/2022,30/08/2022,3385.159,1185.412,HK0000065349,6019356,HONG KONG TECHNOLOGY VENTURE,Consumer Staples
217200,4,2022,31/12/2022,29/03/2023,3619.512,1410.719,HK0000065349,6019356,HONG KONG TECHNOLOGY VENTURE,Consumer Staples
217200,1,2023,31/03/2023,30/08/2023,3625.334,1361.713,HK0000065349,6019356,HONG KONG TECHNOLOGY VENTURE,Consumer Staples
298439,1,2017,31/03/2017,09/08/2017,53633,30931,HK0000083920,B3MPN59,SUN ART RETAIL GROUP LTD,Consumer Staples
298439,4,2017,31/12/2017,04/03/2018,59737,36188,HK0000083920,B3MPN59,SUN ART RETAIL GROUP LTD,Consumer Staples
298439,1,2018,31/03/2018,08/08/2018,56110,31885,HK0000083920,B3MPN59,SUN ART RETAIL GROUP LTD,Consumer Staples
298439,4,2018,31/12/2018,03/03/2019,61779,36678,HK0000083920,B3MPN59,SUN ART RETAIL GROUP LTD,Consumer Staples
298439,1,2019,31/03/2019,07/08/2019,64012,39657,HK0000083920,B3MPN59,SUN ART RETAIL GROUP LTD,Consumer Staples
298439,4,2019,31/12/2019,20/02/2020,71186,45828,HK0000083920,B3MPN59,SUN ART RETAIL GROUP LTD,Consumer Staples
298439,1,2020,31/03/2020,12/08/2020,63929,37612,HK0000083920,B3MPN59,SUN ART RETAIL GROUP LTD,Consumer Staples
298439,4,2020,31/12/2020,31/01/2021,70627,43469,HK0000083920,B3MPN59,SUN ART RETAIL GROUP LTD,Consumer Staples
298439,4,2020,31/03/2021,10/05/2021,69227,41373,HK0000083920,B3MPN59,SUN ART RETAIL GROUP LTD,Consumer Staples
298439,1,2021,30/06/2021,01/11/2021,69605,42670,HK0000083920,B3MPN59,SUN ART RETAIL GROUP LTD,Consumer Staples
298439,4,2021,31/03/2022,24/05/2022,65746,40680,HK0000083920,B3MPN59,SUN ART RETAIL GROUP LTD,Consumer Staples
298439,1,2022,30/06/2022,15/11/2022,66882,42280,HK0000083920,B3MPN59,SUN ART RETAIL GROUP LTD,Consumer Staples
298439,4,2022,31/03/2023,16/05/2023,64118,39921,HK0000083920,B3MPN59,SUN ART RETAIL GROUP LTD,Consumer Staples
298439,1,2023,30/06/2023,08/12/2023,65253,41840,HK0000083920,B3MPN59,SUN ART RETAIL GROUP LTD,Consumer Staples
19626,1,2017,31/03/2017,23/08/2017,12035.954,4865.262,HK0000139300,B87ZDH1,TELEVISION BROADCASTS LTD,Communication Services
19626,4,2017,31/12/2017,21/03/2018,12015.909,4858.862,HK0000139300,B87ZDH1,TELEVISION BROADCASTS LTD,Communication Services
19626,1,2018,31/03/2018,22/08/2018,11315.639,4386.917,HK0000139300,B87ZDH1,TELEVISION BROADCASTS LTD,Communication Services
19626,4,2018,31/12/2018,20/03/2019,10256.367,3949.336,HK0000139300,B87ZDH1,TELEVISION BROADCASTS LTD,Communication Services
19626,1,2019,31/03/2019,21/08/2019,9778.321,3544.304,HK0000139300,B87ZDH1,TELEVISION BROADCASTS LTD,Communication Services
19626,4,2019,31/12/2019,25/03/2020,8595.384,3006.722,HK0000139300,B87ZDH1,TELEVISION BROADCASTS LTD,Communication Services
19626,1,2020,31/03/2020,26/08/2020,7881.906,2678.406,HK0000139300,B87ZDH1,TELEVISION BROADCASTS LTD,Communication Services
19626,4,2020,31/12/2020,24/03/2021,9831.795,4533.78,HK0000139300,B87ZDH1,TELEVISION BROADCASTS LTD,Communication Services
19626,1,2021,31/03/2021,25/08/2021,9479.535,4452.55,HK0000139300,B87ZDH1,TELEVISION BROADCASTS LTD,Communication Services
19626,4,2021,31/12/2021,23/03/2022,7649.79,3056.63,HK0000139300,B87ZDH1,TELEVISION BROADCASTS LTD,Communication Services
19626,1,2022,31/03/2022,24/08/2022,7639.754,3353.068,HK0000139300,B87ZDH1,TELEVISION BROADCASTS LTD,Communication Services
19626,4,2022,31/12/2022,28/03/2023,7045.048,3440.813,HK0000139300,B87ZDH1,TELEVISION BROADCASTS LTD,Communication Services
19626,1,2023,31/03/2023,23/08/2023,6674.57,3539.472,HK0000139300,B87ZDH1,TELEVISION BROADCASTS LTD,Communication Services
102087,4,2016,31/03/2017,23/06/2017,2677.711,180.841,HK0018000155,6661490,ORIENTAL ENTERPRISE HOLDINGS,Communication Services
102087,1,2017,30/06/2017,18/11/2017,2619.924,195.44,HK0018000155,6661490,ORIENTAL ENTERPRISE HOLDINGS,Communication Services
102087,4,2017,31/03/2018,22/06/2018,2634.158,167.531,HK0018000155,6661490,ORIENTAL ENTERPRISE HOLDINGS,Communication Services
102087,1,2018,30/06/2018,23/12/2018,1997.019,202.335,HK0018000155,6661490,ORIENTAL ENTERPRISE HOLDINGS,Communication Services
102087,4,2018,31/03/2019,17/06/2019,1982.339,156.818,HK0018000155,6661490,ORIENTAL ENTERPRISE HOLDINGS,Communication Services
102087,1,2019,30/06/2019,21/11/2019,1982.233,174.765,HK0018000155,6661490,ORIENTAL ENTERPRISE HOLDINGS,Communication Services
102087,4,2019,31/03/2020,19/06/2020,1897.097,148.402,HK0018000155,6661490,ORIENTAL ENTERPRISE HOLDINGS,Communication Services
102087,1,2020,30/06/2020,20/11/2020,2024.331,172.485,HK0018000155,6661490,ORIENTAL ENTERPRISE HOLDINGS,Communication Services
102087,4,2020,31/03/2021,18/06/2021,2082.411,143.956,HK0018000155,6661490,ORIENTAL ENTERPRISE HOLDINGS,Communication Services
102087,1,2021,30/06/2021,19/11/2021,2017.8,194.369,HK0018000155,6661490,ORIENTAL ENTERPRISE HOLDINGS,Communication Services
102087,4,2021,31/03/2022,24/06/2022,2057.888,193.833,HK0018000155,6661490,ORIENTAL ENTERPRISE HOLDINGS,Communication Services
102087,1,2022,30/06/2022,18/11/2022,1924.173,172.762,HK0018000155,6661490,ORIENTAL ENTERPRISE HOLDINGS,Communication Services
102087,4,2022,31/03/2023,20/06/2023,1892.177,162.322,HK0018000155,6661490,ORIENTAL ENTERPRISE HOLDINGS,Communication Services
102087,1,2023,30/06/2023,23/11/2023,1948.405,203.87,HK0018000155,6661490,ORIENTAL ENTERPRISE HOLDINGS,Communication Services
126596,1,2017,31/03/2017,02/08/2017,1558.097,1193.755,HK1097008929,6193937,I-CABLE COMMUNICATIONS LTD,Communication Services
126596,4,2017,31/12/2017,22/03/2018,2064.782,934.935,HK1097008929,6193937,I-CABLE COMMUNICATIONS LTD,Communication Services
126596,1,2018,31/03/2018,24/08/2018,1823.489,902.288,HK1097008929,6193937,I-CABLE COMMUNICATIONS LTD,Communication Services
126596,4,2018,31/12/2018,29/03/2019,1677.595,954.055,HK1097008929,6193937,I-CABLE COMMUNICATIONS LTD,Communication Services
126596,1,2019,31/03/2019,23/08/2019,2262.879,1435.351,HK1097008929,6193937,I-CABLE COMMUNICATIONS LTD,Communication Services
126596,4,2019,31/12/2019,25/03/2020,1878.747,1238.73,HK1097008929,6193937,I-CABLE COMMUNICATIONS LTD,Communication Services
126596,1,2020,31/03/2020,24/08/2020,1633.358,1169.769,HK1097008929,6193937,I-CABLE COMMUNICATIONS LTD,Communication Services
126596,4,2020,31/12/2020,30/03/2021,1608.28,1243.113,HK1097008929,6193937,I-CABLE COMMUNICATIONS LTD,Communication Services
126596,1,2021,31/03/2021,20/08/2021,1663.8,1329.279,HK1097008929,6193937,I-CABLE COMMUNICATIONS LTD,Communication Services
126596,4,2021,31/12/2021,31/03/2022,1485.592,1339.503,HK1097008929,6193937,I-CABLE COMMUNICATIONS LTD,Communication Services
126596,1,2022,31/03/2022,26/08/2022,1379.712,1459.424,HK1097008929,6193937,I-CABLE COMMUNICATIONS LTD,Communication Services
126596,4,2022,31/12/2022,27/03/2023,879.494,1619.023,HK1097008929,6193937,I-CABLE COMMUNICATIONS LTD,Communication Services
126596,1,2023,31/03/2023,25/08/2023,897.556,1834.017,HK1097008929,6193937,I-CABLE COMMUNICATIONS LTD,Communication Services
206956,1,2017,31/03/2017,10/08/2017,88355,66106,HK0008011667,6574071,PCCW LTD,Communication Services
206956,4,2017,31/12/2017,07/02/2018,91900,68695,HK0008011667,6574071,PCCW LTD,Communication Services
206956,1,2018,31/03/2018,07/08/2018,93257,73310,HK0008011667,6574071,PCCW LTD,Communication Services
206956,4,2018,31/12/2018,25/02/2019,94227,74618,HK0008011667,6574071,PCCW LTD,Communication Services
206956,1,2019,31/03/2019,08/08/2019,92886,74980,HK0008011667,6574071,PCCW LTD,Communication Services
206956,4,2019,31/12/2019,13/02/2020,98895,80923,HK0008011667,6574071,PCCW LTD,Communication Services
206956,1,2020,31/03/2020,06/08/2020,97553,82715,HK0008011667,6574071,PCCW LTD,Communication Services
206956,4,2020,31/12/2020,05/02/2021,97839,84285,HK0008011667,6574071,PCCW LTD,Communication Services
206956,1,2021,31/03/2021,06/08/2021,102333,85917,HK0008011667,6574071,PCCW LTD,Communication Services
206956,4,2021,31/12/2021,24/02/2022,94223,78741,HK0008011667,6574071,PCCW LTD,Communication Services
206956,1,2022,31/03/2022,12/08/2022,93254,80853,HK0008011667,6574071,PCCW LTD,Communication Services
206956,4,2022,31/12/2022,24/02/2023,95064,82299,HK0008011667,6574071,PCCW LTD,Communication Services
206956,1,2023,31/03/2023,03/08/2023,91826,81045,HK0008011667,6574071,PCCW LTD,Communication Services
284169,1,2017,31/03/2017,11/08/2017,18305.941,10277.504,HK1883037637,B1VKZ88,CITIC TELECOM INTL HLDGS LTD,Communication Services
284169,4,2017,31/12/2017,28/02/2018,18584.209,10154.011,HK1883037637,B1VKZ88,CITIC TELECOM INTL HLDGS LTD,Communication Services
284169,1,2018,31/03/2018,16/08/2018,18578.715,10080.092,HK1883037637,B1VKZ88,CITIC TELECOM INTL HLDGS LTD,Communication Services
284169,4,2018,31/12/2018,27/02/2019,17965.222,9069.506,HK1883037637,B1VKZ88,CITIC TELECOM INTL HLDGS LTD,Communication Services
284169,1,2019,31/03/2019,14/08/2019,18434.329,9375.262,HK1883037637,B1VKZ88,CITIC TELECOM INTL HLDGS LTD,Communication Services
284169,4,2019,31/12/2019,02/03/2020,18389.287,8963.908,HK1883037637,B1VKZ88,CITIC TELECOM INTL HLDGS LTD,Communication Services
284169,1,2020,31/03/2020,18/08/2020,18525,9140,HK1883037637,B1VKZ88,CITIC TELECOM INTL HLDGS LTD,Communication Services
284169,4,2020,31/12/2020,03/03/2021,18337,8528,HK1883037637,B1VKZ88,CITIC TELECOM INTL HLDGS LTD,Communication Services
284169,1,2021,31/03/2021,19/08/2021,18220,8429,HK1883037637,B1VKZ88,CITIC TELECOM INTL HLDGS LTD,Communication Services
284169,4,2021,31/12/2021,15/03/2022,18382,8206,HK1883037637,B1VKZ88,CITIC TELECOM INTL HLDGS LTD,Communication Services
284169,1,2022,31/03/2022,17/08/2022,18167,8071,HK1883037637,B1VKZ88,CITIC TELECOM INTL HLDGS LTD,Communication Services
284169,4,2022,31/12/2022,16/03/2023,18181,7710,HK1883037637,B1VKZ88,CITIC TELECOM INTL HLDGS LTD,Communication Services
284169,1,2023,31/03/2023,18/08/2023,17577,7049,HK1883037637,B1VKZ88,CITIC TELECOM INTL HLDGS LTD,Communication Services
289218,1,2017,31/03/2017,28/08/2017,2014.514,498.923,HK0000046869,B39NNH8,SINOMEDIA HOLDING LTD,Communication Services
289218,4,2017,31/12/2017,27/03/2018,2183.465,608.027,HK0000046869,B39NNH8,SINOMEDIA HOLDING LTD,Communication Services
289218,1,2018,31/03/2018,28/08/2018,2131.847,568.185,HK0000046869,B39NNH8,SINOMEDIA HOLDING LTD,Communication Services
289218,4,2018,31/12/2018,27/03/2019,1989.793,400.439,HK0000046869,B39NNH8,SINOMEDIA HOLDING LTD,Communication Services
289218,1,2019,31/03/2019,21/08/2019,1868.418,417.565,HK0000046869,B39NNH8,SINOMEDIA HOLDING LTD,Communication Services
289218,4,2019,31/12/2019,27/03/2020,1973.841,398.446,HK0000046869,B39NNH8,SINOMEDIA HOLDING LTD,Communication Services
289218,1,2020,31/03/2020,28/08/2020,1904.818,330.877,HK0000046869,B39NNH8,SINOMEDIA HOLDING LTD,Communication Services
289218,4,2020,31/12/2020,29/03/2021,2073.884,452.103,HK0000046869,B39NNH8,SINOMEDIA HOLDING LTD,Communication Services
289218,1,2021,31/03/2021,31/08/2021,2082.759,412.602,HK0000046869,B39NNH8,SINOMEDIA HOLDING LTD,Communication Services
289218,4,2021,31/12/2021,29/03/2022,2037.143,379.62,HK0000046869,B39NNH8,SINOMEDIA HOLDING LTD,Communication Services
289218,1,2022,31/03/2022,29/08/2022,1938.196,302.488,HK0000046869,B39NNH8,SINOMEDIA HOLDING LTD,Communication Services
289218,4,2022,31/12/2022,30/03/2023,1824.852,215.628,HK0000046869,B39NNH8,SINOMEDIA HOLDING LTD,Communication Services
289218,1,2023,31/03/2023,28/08/2023,1954.57,315.68,HK0000046869,B39NNH8,SINOMEDIA HOLDING LTD,Communication Services
